9_2918,-19.38890557766209,-0.5928006089947815
9_5673,-6.3432575622680005,1.511187096270421
0_1852,-12.545762360085076,-25.522153842596456
3_1729,14.240980836093687,2.4424930520104393
8_5228,-4.178950664802416,13.059340502449833
4_5730,-5.85441990805925,-27.712995158957227
3_1141,9.776033668379236,1.8190565909616765
7_2478,-21.844878554479312,2.745274062931663
9_4692,-4.128065335268828,-22.28094454613141
9_2922,10.451317173900318,22.602127921884698
1_564,13.150608972380034,30.308542027033493
5_5345,-0.5882640515235705,17.311651547376037
8_2955,0.20123591421974402,23.221437687680346
3_4521,-0.8659378515414778,14.219970540804068
5_4429,2.2415628719880263,19.62202928955956
5_327,-9.20449311659102,12.481668313134785
9_2975,9.696923688803553,22.315435864460714
4_2450,-17.839174593577468,0.9976523459897935
3_1898,14.874582031016617,2.357216710746861
0_798,-14.655483334276457,-22.73201132812247
2_4775,5.836111930044713,-11.776515582569631
3_3988,10.026735010132763,4.172432340660404
8_684,6.372256813475108,13.675371792760957
8_2211,2.7801144296333673,-4.301677775041306
2_3963,-3.980884884393326,-11.490270792782477
1_6386,27.71385789217114,13.190269822531448
0_3772,-13.68137309950426,-26.747381583376463
1_5098,19.134101908381627,22.424430806996437
0_1143,-14.49728088144166,-26.38167882662735
1_278,-10.910406162472487,28.37565099216202
7_1249,-24.448754579933578,17.840435661337295
6_3642,12.258794690268578,-22.922678698509376
5_1770,1.536556223043971,3.4487713509092393
6_1807,13.44226923076889,-19.074144625176512
3_3831,-1.344748309410105,-8.832186763085975
0_679,-11.559413106491995,-17.430196464520954
6_3482,20.932629766801934,-6.714074473431397
9_3357,-14.021379929476755,-3.290466276769686
6_4205,-3.555178299162699,-9.749160967394571
6_1868,8.749353558447199,-14.551580533471919
2_3503,-10.703573186320337,-9.857948363087987
2_583,26.702063493506838,2.0630781792343322
4_2750,-7.8963567078974135,-1.7436097592860946
7_4443,-24.81669973918948,9.435888728042483
2_2269,26.172893052222385,3.3649016624290518
4_3988,-11.757686980169918,-0.9414924810478639
9_2676,-3.6075297115798763,0.6805048852417563
9_3207,-2.252141955852539,-3.733772777090426
8_4194,2.1975019639886213,-2.682337923740556
6_4756,16.937985665437537,-4.702789809517685
1_3448,19.625599305407086,16.778182095738753
5_1376,-10.938269296596589,18.83193106347085
9_292,-2.5722520245355627,2.9683783346524213
3_1110,8.750659437320401,7.8620583732080185
4_2630,-8.207809663430355,1.5999272835360503
8_4320,-6.741813495066583,22.821796076579044
8_1277,7.5987737969722735,11.01583156042472
2_3533,1.8531510588765612,-13.8690879772302
9_833,-7.380010333322557,4.09296722380131
6_2140,18.73656478001592,-12.304653646985358
7_968,-5.733228667699224,5.110119760863951
9_3210,-0.6030022013771866,0.9017006038587113
6_3685,12.643665152794503,-7.63518985444135
1_2643,12.57394877012847,33.62989272830983
2_5551,-9.634555837833013,-7.663339568722448
3_1276,16.331857375179062,3.839342478096783
8_3508,-3.8252782958177307,16.631254475613567
3_763,8.319614284182686,7.323518249155037
7_534,-6.193119113234053,7.480229476126251
2_5702,-9.201886925285734,-6.4671487257032805
1_1648,22.175320167494505,16.037136237062565
7_1496,-20.895030095524643,17.035144897133815
3_386,-6.799009640986018,-8.284593723251424
5_3473,10.165025622268738,5.974625638465463
7_4080,-24.316341359813464,16.32150509389765
8_4140,5.161173359977093,-2.9781590546189682
3_3650,-14.315376163463648,-9.391003583952942
1_5916,17.729934801700935,17.834581814912497
2_3686,-8.76558687491573,-3.3519049852061187
1_3239,16.743052447544304,25.517719497528734
3_3504,13.684534203412202,5.594445094035932
5_3032,-8.01426146898429,13.149834889387535
2_4576,21.972979493873293,-17.863689386651085
8_1577,5.296563379946793,17.8583004303047
9_4780,8.088803374483517,20.555366261612875
9_3293,-6.359414138445697,1.4265629148228753
9_467,-19.550363010015992,3.662177296319516
8_4928,-0.14779522398850187,7.110079339855915
8_4176,2.0834743314204798,7.851191768193976
6_2728,12.402810839528483,-10.34147075873745
2_279,28.79068360704176,-9.394652847538874
5_4917,7.391051254527596,-0.19614246733953392
1_5960,6.26613521417198,33.214207961508464
4_3406,-20.957419736078975,-5.23048788987472
5_3201,-10.01399245840508,20.536754850119706
1_554,12.201143642489333,-8.936726794896028
9_2517,-16.06344645891441,6.20918922269893
2_3070,0.5676968997324132,-11.17081899397191
0_128,-13.228169708916058,-14.145221074374136
7_3742,-19.050900207933207,16.059760727849117
8_1391,-3.7857655399244083,19.498911915155766
0_1431,5.9819721385073485,-21.29581373607498
2_4429,22.101806668764496,0.7881600571998058
2_1006,21.504835377099734,6.6462861371614235
5_5215,-12.15682279544865,20.912265238830607
6_2503,13.126084087993874,-6.868595509479501
6_5368,24.47280621545887,8.592486205964445
5_3886,-8.767242308776074,11.57302557150375
2_2145,3.7749088772741266,-14.832733616385468
8_3517,18.24079403025052,9.9127137029558
0_2082,-13.873846232431866,-15.823061872759657
8_3446,3.7670121258787708,-6.2180844806321085
1_1057,3.51346235712515,28.727646114977944
6_3761,16.526276491634842,-7.900086381405038
6_4593,18.075615340559796,-10.842463517496578
4_852,-11.443459822727254,1.507847684705904
7_5943,-23.919399577650214,11.81143888750944
6_3634,8.181543885038943,-10.840951835715263
8_2170,-5.949491911605314,15.261642446068437
5_3131,-29.814721588097207,-5.71464302314028
3_5137,14.30154994746902,-0.8250371622056263
9_731,-3.0406930180493132,4.2743905222805285
0_2956,-22.050368058636913,-13.85110362857544
5_440,9.235580684880388,6.159141859212247
8_1377,6.774163748478775,16.9281950744049
4_1175,-0.988412310145743,-2.5017001183687504
1_5236,19.814371853746632,14.856812849530757
7_3967,9.743497349662803,20.79874865952559
9_1137,-3.2582263733417376,0.3269249242280348
5_2859,3.4305493577742183,-4.708625043773629
6_2841,13.172460387602563,-15.843113738003945
6_1695,13.102086177319812,-6.879734346104352
4_3296,-9.276812363061122,3.4900653274239613
7_5077,-23.800338256078533,-8.044930671170702
0_1405,-19.285481890446093,-14.434036358027951
2_4544,5.463562858282228,-10.336276266836528
1_3785,-3.1263324066614118,26.79659219990462
0_1750,-16.02143108326833,-15.266353498337862
5_5296,2.1484322748107725,5.549893610802669
6_4046,24.02766255817139,11.259965777923817
9_3729,-2.9399562284766874,2.835649712681432
8_1220,-5.568136924837117,13.369774789959173
0_1263,-13.324529916738214,-16.439719348198143
1_4290,21.4093373111677,19.2707728870977
4_4673,-9.011659488935903,0.47716615678158353
6_298,18.93196548945127,-6.920112318733445
5_448,0.7511251054363263,4.251806872153268
2_2101,0.4394149523739246,-15.312088906070292
4_2001,-13.713713847729707,1.4872221560890029
7_5223,-4.49379883790857,-6.2307577205025755
8_841,-0.5962807184786733,1.794305928902591
3_23,-14.183745515229168,-9.586548742774125
6_3223,14.225702593266691,-21.350894865239294
2_5327,-0.17919966623409825,-11.459683442591688
7_1140,-18.243194593619304,11.626773869015926
9_4620,-10.414773903013646,-4.006191700599161
3_4330,19.587368691759924,1.6068291979527607
2_4569,6.469793160755796,11.184361611426679
5_224,15.41725217836993,14.338430814097006
1_5575,19.47100824354981,16.830831126617277
3_2325,9.889396933137311,10.125465744455067
3_3731,5.771985494925961,13.222297289912373
8_1851,5.94287175045023,22.19823289660723
7_5012,-2.0906983046514953,-4.562466282071804
2_39,-9.253842730138826,-7.754602305362945
8_5702,4.197247766715968,9.715937840371126
2_5898,25.056676522754472,3.236004165239834
6_4306,17.525441954878467,-7.685227608626936
9_2798,-9.375150433493477,7.472042828939621
7_3612,-8.088261400722516,17.260087205690535
4_5009,-18.82076629240637,-5.219771440967185
5_1664,-9.6137095836034,13.07772605613803
8_1628,-2.6578335575914736,9.88538091013683
6_3217,17.042178939576523,-4.69376024219127
0_3886,9.77945157807011,-8.917184357543762
0_3776,6.978418908041983,-5.530914076472302
5_1651,-9.415195449561615,15.357904791084506
4_469,-3.4660542368610563,5.380835344815873
4_221,-8.710962107647955,8.107837990457332
0_1356,-14.457445538691148,-15.771434190092446
6_417,20.000374744224104,-5.504924154707312
4_3783,-13.424855676562562,-0.3246531224900544
4_907,-9.495450066589726,2.9603879041954615
3_3022,12.47296568374053,3.5396588114483505
2_2725,21.858045645669637,7.216254616853928
4_1740,-8.709331470313117,8.016230808118507
7_2286,-21.908137326747482,9.104028572290517
9_4368,-5.311701356993841,-20.089780976318423
6_4780,11.368676960788955,-15.658013530648043
4_2877,-9.026790904476593,1.5747840509008992
9_3343,-2.2205240202877143,-22.09584697543551
9_4140,-14.769646404568903,4.702846810106712
8_5628,-7.5298773977296625,22.041439756141557
0_3590,-13.691353828553911,-13.083026744805778
1_2095,18.97664003057091,23.89628001601953
0_4621,10.253938389237096,-4.65583812472016
9_4533,-13.569064850080219,8.376885588073836
4_4959,-12.281727271386917,-1.7961039282457878
0_378,9.162366970138757,-6.698978155314138
9_673,-12.540334781904711,7.025667722463014
6_4813,3.4752791474611104,-17.561015380530762
8_5101,-2.0409241719363,10.455104039514426
1_1096,18.670893254502143,19.60770580613264
1_3977,-11.66854466292813,26.22439511812552
3_3689,2.6816512398584584,14.324305464700767
1_1220,20.626454092874418,21.216494685412936
0_3301,-14.9399354975486,-22.27750987308369
1_4223,-0.4031506166836391,25.759878806678476
5_4263,3.1738689226281265,2.348774339495111
4_3020,-2.5394249438072554,-17.167214016225525
1_326,9.762041806456706,31.179755984109114
6_391,15.529372023189078,-10.874908648278629
0_4124,0.7072339282090777,6.657063702517951
8_5067,-0.9940736359638765,8.426653671997167
6_4438,15.521363277283848,-19.133065205387478
3_4580,16.445554198605585,6.707850043085354
3_4907,18.136452829999428,0.5071169694616964
2_3274,5.82020451898069,-9.592308959547212
4_952,-4.486350742089863,2.0466927517626665
0_167,-16.808994646000926,-24.29270315128964
5_3553,2.676768361292452,5.891013008564836
4_2598,-13.495514451330783,1.6084439567630908
5_3873,4.2800021673741115,17.826823466443606
4_1108,-8.971257659960958,1.5651340705684618
5_2986,18.805224294986225,-1.2302514271016638
0_5550,-8.481066736414222,-30.74001979703761
9_5360,-7.26021552573838,-0.18921119978678436
2_864,6.632346934554862,-11.929704252035108
3_245,-1.620553633841452,14.31038127937452
9_4662,-13.678355943548501,15.148981991226915
4_4290,-9.975391157433991,1.2770527057636787
5_2861,1.9972816238203355,2.1994084540465386
2_3617,-9.577897922503611,-7.7357593869960315
1_4433,6.2237498934892574,33.261366606864335
3_150,14.32554108905371,8.158711758628716
6_370,-10.360516626170734,-13.073150576901106
8_1645,-12.081875999005005,11.514529939987488
3_3336,5.256590564936547,2.8764226170188842
3_3704,3.2062507991181692,12.360705274036357
8_2220,8.757906978634962,17.97806513632742
6_1147,21.38173204395047,-4.782616984364732
9_5458,-19.494164873740356,1.0884606252953675
7_3478,-8.31352179026169,5.817006906181483
9_589,-5.568566442959351,-1.1358355871456487
0_1551,9.65537948237956,-4.966601020789394
3_4700,10.009803685778738,4.1877103330917596
9_353,-5.678707014889255,0.4504666907393556
0_5802,8.920290789700717,-5.238295855419828
3_3561,17.24664301884119,6.506383264820594
6_5782,15.93522851512703,-12.054980056800886
5_3236,-9.420745379631255,15.272354652854242
4_57,-3.143773364696687,4.487572698779806
5_105,4.044889737583264,2.17326932177627
7_3078,-20.362679656342145,8.694370018100425
7_646,-22.38264183577837,3.2103599658484354
6_3102,15.929166346242887,-12.138993994438326
2_3853,23.450241475485452,2.1882280510902503
6_4221,13.19562236893535,-29.077874633193716
8_2479,-3.308239984688144,20.831624737635472
6_871,9.961979339264253,-10.386264159731398
5_2219,-7.543063119843515,14.313080904556841
1_4921,14.347770593029836,24.725450218679335
8_4411,-5.149484329435486,19.583794801269292
0_3305,10.06272650592233,-3.8466210851961917
8_2737,13.901717650843812,16.684993705049013
1_5414,-10.073926680240987,26.692708232536706
1_1676,28.58889202676521,14.298170553621686
7_1826,-20.3633612290748,8.699794354275125
1_2881,-14.213170314552972,25.84118399308965
4_4788,-5.280432765700139,-3.177548654128022
3_689,9.447784831931099,14.858517156871892
9_1616,-7.239033022014186,-0.18285011244819113
1_623,21.308723923550257,23.272765537752978
0_5681,8.024440397231183,-5.054240657870511
1_2348,5.752219065177899,30.991522390468887
7_6216,-15.131684817288678,9.586119584118649
9_3408,-10.827559970675134,8.484178845954306
1_6644,13.889283745912419,25.76918687973097
6_1630,11.37573222701941,-15.70551299396076
7_780,-19.104899600903416,21.757627932157003
3_5041,7.648479968203981,1.3674276546483422
7_1435,-6.0913021176382145,6.779621422166686
3_3856,1.6482904910101028,0.11498763695689229
7_4544,-17.836181738738873,12.846786067524533
1_3559,13.881030752127193,25.844790910120512
3_4472,6.748646019405815,-4.995220506516541
8_3460,-2.672265219238716,21.25368061563364
2_1180,2.4765099098545607,-11.586501815860236
8_1010,-12.093623547742723,11.545153216124328
9_2280,7.540538209325648,22.39563922041314
3_6010,-1.5391911241544245,14.259555484695769
9_5429,-10.245109086347968,6.740897422512947
5_1905,-8.436276130055987,12.039501255348405
9_4588,-7.28570761585804,4.15287665688703
2_5285,-7.143974111528126,-14.423018270228106
1_5180,-6.416179570713835,-11.77406217445195
0_4875,-14.766520985751752,-13.601510879386176
8_4471,7.262095117029053,10.932774431864088
4_4921,-8.993237817717148,1.6040051475973551
7_2147,-17.195662597179226,16.751874585869633
9_1886,-14.075005320756242,4.73298250913849
1_3080,22.091395954023422,15.897167113415213
7_680,-9.795547736989171,6.042914513305032
9_1167,-3.2973605931403887,0.3970453395247231
7_1635,-6.172407031826991,6.884199943473169
9_78,-19.262006784316693,1.1213386696073455
1_4936,-8.440248385856675,27.245590203484074
1_6229,-3.0932017142144628,26.77778922486926
1_3303,12.790341602914348,31.16067881822428
1_5125,12.562440792292106,33.6196257672719
5_4627,-12.030396026267923,20.926243007869747
7_4840,-19.517488785807153,5.458157899074935
0_2995,-12.167324083928971,-28.722588922582617
3_4034,2.963311488807316,8.803361331869878
8_2112,-1.1212163307270628,8.618516722801157
0_4410,-16.308918905405537,-24.77244169125284
6_337,17.523816484758,-4.858756912629462
1_6388,18.68616224563773,13.368453583500019
1_4497,-12.653578883484231,26.445652277560253
0_821,-13.208908385203678,-17.03453046718356
9_1729,-5.731775990747098,-17.49487700763344
1_5809,22.465823433972933,22.561584454671273
8_3885,3.074379772512438,-1.579668639064573
7_572,-25.081380779497657,10.172331228423074
6_4049,-12.04915162601063,22.847503668410056
7_3583,-6.102712318362216,6.875960627976329
6_3243,13.105741635292317,-24.49749345990601
3_1347,15.97895172368126,9.699960044281283
3_4289,0.754609584148939,6.5465671858221475
8_4878,4.439997597254837,20.983966433340864
1_1679,14.648575305740327,21.21254052028259
6_5491,9.793667729201982,-29.483737323382734
4_4553,-2.54013599048662,2.9716741056223714
0_2736,10.013845829297946,-3.7744880762912434
2_5666,-9.689007929426467,-6.022156101028972
6_4224,14.54778904281708,-20.39908644904799
9_3979,-8.734205678836618,8.043853039801176
0_2285,-12.796467472388429,-23.07126853132662
8_3062,2.3183685373005525,-2.9423313796318524
9_1493,-7.317924230988188,4.166882898142882
2_860,9.828113057496823,-20.11547236561301
4_986,-7.916271459624778,-1.796104429081562
6_4955,14.087882126691918,-22.956372561230612
2_4363,1.2990347235114519,-4.659654979761627
0_3900,6.746578237652854,-20.944290596113646
5_4262,9.989096987224896,5.514276365234495
4_3052,-9.525458549340922,-0.3838025987726159
1_4347,8.103375285071008,33.9595317410669
7_4287,-23.46212227225097,12.536742960644915
9_4025,-12.041609636306106,5.2155299844274845
1_207,-2.627076924886892,28.903520119097493
5_3625,-6.52262527376826,-8.129047443891574
1_2674,17.402641197411395,24.152811420361694
8_4796,-17.68015732274401,-10.337739177818968
3_3675,18.52895236115499,5.048640933212318
0_5831,-16.425332559471418,-19.093564008970244
9_5163,-21.14269368617996,2.079874249549654
3_4115,12.66134475670155,14.039924818322401
7_2583,12.273644139270957,7.821196867309433
5_1750,4.49346820373668,1.192499229355884
5_1421,7.230359492118381,6.529894527522439
8_1078,-0.40361318539752294,20.372373014983925
2_139,-9.011814515275576,-10.271776404477796
1_4495,-7.637950935413648,25.88423888193777
4_3598,-15.792548329079803,1.7345100904986308
4_4559,-12.110624824400519,-0.507400826523178
7_3247,-19.081463729375407,16.12254557337716
4_1264,-14.829679852441156,3.0137643959997584
9_2643,-3.869568575758929,-0.6975576824171242
0_3745,-9.276276501855742,-31.12981460771992
5_1952,13.021814112432008,1.2516082079386615
6_494,11.459375754167047,-24.581438823307966
5_614,-10.317532979970878,20.11906859344945
9_5602,-5.692672768212287,-1.2942797113689266
5_3664,0.7103710610444336,-0.7251697565971895
2_3902,5.355466143716126,-10.54802667164998
9_4523,0.24750218403370283,6.042815634282676
6_4516,9.952706219753159,-10.404121076218345
0_4532,-17.506431242059698,-14.625432732900759
5_2879,-9.86944565753004,13.99537067553566
3_2929,5.2389378772327,2.843244074315705
8_4725,-5.999394712147438,-6.238110206142241
3_3409,8.72340131199412,7.9099045056759625
7_1703,-20.606278024993795,8.62227901515973
7_3703,-4.553211916927316,3.7764523696056034
5_4226,-26.10950440886267,-4.1716734950691015
5_3524,6.130388407745816,5.750096768930454
1_3481,-7.275864945345577,25.471749363731856
3_4171,14.755357430282904,3.730263532275374
1_899,12.274634254408815,28.57145498530287
4_4803,-9.5380731073086,-0.4172854016442714
6_2384,14.612786358568462,-10.233889876813137
3_616,7.823730642027811,3.3557889624800556
6_2666,6.58359138936525,26.892318366530894
6_1395,13.06396510014206,-11.21664123981066
6_746,12.58312731119453,-9.880786902081901
6_1635,12.021013259551573,-13.757662597140438
8_5240,2.030477904083896,-4.453133980050613
6_5405,18.752287843966993,-12.32364408529556
7_3828,-18.66957721021173,14.933389225865694
3_1342,-0.3540614681732712,14.895563427509304
9_221,-6.135480748546997,2.4020351208633364
6_5659,11.281646333414661,-11.340110145097821
0_4114,-20.747213040086447,-12.13561304712871
4_236,-7.91185221718497,-1.7521847063437614
8_4196,20.365385375588986,-0.7717447116260615
6_367,7.588492558501967,-30.091717399811976
5_2656,3.74580323845028,7.786991658676994
3_2668,4.152851346045838,13.069407914700735
6_1104,20.43138193911094,-7.087669476324259
1_5036,-14.232086818081044,25.17231519223902
3_62,6.0333206147268035,3.8670956058926835
1_4515,-2.2105016532417063,28.581844979609368
9_1356,-5.641290704318843,0.3323251819447085
0_336,-15.613103601742305,-15.355466514500883
6_1057,12.454030246968031,-10.370502744490844
2_301,3.4255339602824493,-10.870717550839357
1_437,17.031882799716303,18.87891171106167
3_3391,10.474838902589513,-1.7163525558243582
6_5321,12.813262244687495,-14.057665516517538
6_2644,9.886259809335648,-11.551993315532934
2_3858,15.720339173035338,11.209774153224487
7_3105,-23.13662760745255,7.155930200044489
3_1486,-4.070507525999979,9.623603607475697
7_5608,10.556290144873618,19.585667226505798
0_28,6.478573305676147,-5.696328360445593
4_5126,-3.555529268826001,5.445044903638911
0_4506,-6.367394446700663,-30.892175798726917
0_3607,8.046949247041221,-5.085863715685444
5_3303,4.021966461924078,5.179389013411593
4_4854,-2.3051284614376435,-17.096093977937052
2_158,22.94411396495773,2.3016942985504385
1_5664,18.84396833307244,18.53954037769606
0_859,-10.427621387164757,-29.23480121117959
2_4990,-0.6619119400744751,-11.877098698648735
5_3560,-2.382325804840026,-26.507912074087656
9_2689,-10.33035411385968,6.719756316662651
2_3069,4.14859999613102,-13.777706008674903
9_1820,-5.7695886944292285,0.5150402159431572
9_2254,-13.19930482744663,5.333880762410744
1_5873,14.643266020483507,21.1702824440523
2_428,27.691071567529843,-5.233634308575615
7_3121,-17.32811925549452,22.104645682814407
4_5775,-12.716254423626491,-7.140070830061297
6_894,14.518352042909184,-22.3887183881629
8_2576,6.85606059129943,8.308181502156906
7_1042,-21.598913887145606,8.067915597670794
5_2871,2.5689081241848832,-20.483878223477795
9_4517,-9.018851604099284,7.725202508378368
9_577,-14.67711300080455,6.1920046253359775
0_2258,-13.051789248775405,-15.935071473554242
3_1198,1.898557528749985,16.537159773278724
0_1550,-8.960422636684136,-28.90418091372348
4_5006,-7.993411204612023,1.7284397469512336
8_86,-4.594856177823141,10.752865310557754
4_874,-4.474352936141053,2.112521795160097
1_3334,-12.627988644979645,27.700082345566813
0_2194,-12.338417311851885,-19.503774323551944
4_671,-11.140885656877481,-0.7474236577345207
6_4497,13.053268397736796,-12.87961162368333
7_1989,-17.340862801145622,16.720673342204332
3_78,9.823243943999872,14.589477620741947
9_1121,-10.444846285454412,6.520268878793093
5_1471,6.101177874633089,5.708277600813182
2_1053,-4.9971427907455555,-11.701341015263155
5_1239,5.550707747073496,-18.722592181793804
3_3379,13.91451231082612,5.762795170205359
6_4261,17.602032998395664,-8.267866108235152
1_7,16.63005906208266,23.809138330950848
3_2058,8.968141023143074,1.976432533491482
9_4299,-22.01574146841844,16.42048173495253
2_5361,-9.037408488926664,-10.297396185149712
1_1767,-10.880362764627222,28.37353908548808
5_4478,15.475030035587942,14.2842675286197
6_1022,6.218764428626482,25.195203347981117
2_4734,-4.338765356082863,-14.674691849597425
5_3804,6.751934833071033,-1.8188571440543506
8_307,12.610107941193263,17.471446513470546
9_3776,-10.2933781818227,4.861964788725148
6_4920,-11.157107507947563,-12.971731237726251
3_1728,9.642707686789413,4.291828039560296
0_1464,4.7023153427649875,-25.12663480098012
4_2714,-8.53309880994869,-1.7928112432808851
2_1092,0.9515924702452578,-4.963334209919708
1_4125,5.828552854819183,30.81404882361073
4_2825,-8.998874748201539,0.5293497415643253
6_2956,23.484089593768918,9.991382323412497
8_4663,19.170892045548516,9.388776661084034
0_5744,7.582984781942355,-18.937093802502172
1_3350,14.331932457179636,24.71359100209163
8_5660,-4.128284087271611,11.846190545768659
2_5873,0.03107031861222827,-11.366268945861354
9_5067,-1.5226387235925494,9.789147973585912
8_3502,-5.559864619311962,18.343999864490844
0_2018,3.090875338390467,17.48840484342445
8_2520,-0.3785256578474537,20.137361435318347
9_3258,-10.013114442136432,-3.3340793437946656
5_2865,6.160745286418541,5.784325466852084
8_1762,-1.5298772963508855,9.849515069194549
4_1289,-1.5766957476838308,0.021903847367749675
0_1929,-11.024314674037551,-17.22706724685727
5_407,12.111426961853192,1.0111045506420875
3_2426,14.709113299803539,1.2491367313361121
0_5155,-14.130694754150877,-12.871204330042994
0_4549,-13.212414138255626,-17.021061823365145
4_3247,-16.718808816462975,-1.6429839478164627
5_953,-9.248485379550713,12.501706285096189
5_4320,-28.29972955644023,-9.049014163098136
5_2773,2.0540736767405927,7.80195105242614
7_2810,-23.066162274091962,7.200445286535988
1_2446,17.57015335561508,21.041327428972533
6_3810,5.410122339860009,-17.37558444841926
8_2768,-1.738980748020835,6.828541477363506
6_5386,9.733344450401416,-14.438208158943267
2_2391,19.959573503828672,-17.225992313231455
1_2303,-2.599663527856289,28.907207691128285
2_4908,-10.229053120506897,-6.688157786995086
3_3580,5.963725900864813,1.3908110875848552
9_4149,-13.684854881559742,8.088070992472062
8_239,-2.9455138190151042,13.290355182054535
9_5375,-4.95012343969831,-18.98904497265098
3_5976,19.541532008795322,2.3378948961305372
9_3780,-14.059451663112965,-3.2534625933248007
7_6149,-6.101576603991364,6.81348659705341
2_1691,-9.077476773156038,-8.91646383245093
2_3140,22.842482937741618,4.084387061675166
0_1432,-15.401841624446458,-16.678318864318015
7_1312,-1.1291079785572287,-23.88853497644014
0_1413,-16.842676433517106,-24.29427722168215
5_1389,2.7159184074281417,5.8506113431993185
1_858,19.660672781749213,14.801868196256983
7_4613,-2.138928803686515,-5.993743194042103
6_3443,10.743930162436767,-26.503353161616918
4_88,8.21552155281659,-13.97900396113569
4_5279,-15.616060943733459,-1.0912596758347397
9_1502,-12.100670452626442,4.588062242809966
1_1257,21.534387853667635,18.839438904615537
2_1259,2.3530228158083855,-8.892117696039962
4_4221,-18.64846855913169,-3.2821049764074255
8_2342,-22.878361759946404,-10.70569343025892
9_1112,-14.008037666917723,15.00819073674615
3_3424,10.502613291756125,1.9346472100239194
9_4069,-3.4616386749427113,-21.03294438671223
6_4283,6.567886652620807,27.01031603696591
1_2974,20.533233165631884,21.274761094964767
6_3997,21.405296676520422,-4.815103346253005
6_2235,15.040287513723802,-26.745196058954175
4_2225,-6.108602733676746,3.4016323824042387
9_518,8.684978996364555,22.188259324641873
1_1233,13.150901280287007,23.67672049681972
3_4069,-7.184579812077372,-8.296521000143763
4_794,-16.794061872848765,3.766942789072211
6_3097,11.930473600456583,-20.80411972755483
6_5552,9.597340421200936,-14.500463471956564
8_2976,-5.978888971671922,-6.772235271030716
7_788,-20.008756657495443,10.422301919704196
0_4942,-14.122048503714687,-12.858275919360066
4_5782,-1.4259726449433219,-17.401820418723908
1_5521,2.2489626382066192,28.539428171027055
1_2614,14.742578226910958,20.75303967700718
7_34,-23.49171437025986,11.121467338141322
4_5478,-6.672166912342361,-4.204485287701416
5_4983,-11.599022152750699,17.89461326483682
0_4455,-17.136563769985223,-22.25021617581051
9_2813,8.714425234322754,6.2941599543451785
7_2261,-2.1086502731426564,-4.6587920440200925
0_1393,-15.841919791432606,-20.575699338799403
1_4707,22.548355197975166,16.22874631523122
8_2529,7.075409448955243,16.920643025230437
1_4273,18.42146030624392,23.954509848496812
2_4414,0.6065092198525727,-11.12406030850788
1_1763,-2.120552472366952,31.462365433558354
8_3126,2.411494821002531,-4.13427062115938
3_5244,3.936773298792424,0.7033899509543968
7_2704,-3.0285083482278834,-6.460510203351386
2_729,12.981198602727261,-2.177509378671924
3_664,1.155355152206358,12.746776018625877
5_269,-15.182453540288977,-5.413125629224333
7_5879,-2.0322767267307515,-5.787126321688084
9_2475,-11.541014020483827,2.2948788467727104
8_5849,-4.853256372705102,14.231437162476716
2_522,1.703492974879924,-9.26748624368541
6_1553,12.68630984932437,-14.087322292171242
9_2258,-1.5601515201199203,-2.2922069815828077
4_1033,-16.664585519862992,1.2781506605690525
7_5313,-15.942753453096403,18.87443805196715
9_2682,-13.265793197001873,9.517723724296252
7_4980,-25.06131194415727,10.153386774321184
4_5715,-12.584442945606325,6.999246585174696
4_5522,-0.9389030109543669,-18.346595621439903
4_3589,-16.88745768363933,2.7971122968015405
0_344,7.035223869917491,-5.459502382069645
5_5232,1.7451693697294062,3.224423728946636
9_2284,-13.276013505501165,9.57875631985321
6_1283,4.388860066409235,8.250762391665669
9_64,-13.102212921776605,15.30134941557408
1_5472,15.515149290662452,24.747927233936284
7_5940,-27.010007604307685,7.862910322980014
2_889,26.492615561797727,0.6838185926930601
1_1495,10.71338832147323,34.50744155063967
9_3942,-4.647606137864456,-5.137569413216701
5_927,-19.992368454184493,-10.520148792287557
2_2431,6.4386460848776075,9.483980668096873
6_200,11.243591995968032,-11.372329819702664
9_1448,-2.8499163411853,-20.35407686350092
8_2108,4.2608852189605155,9.736139230635132
3_1300,0.3043715765102292,13.87213967137542
3_248,0.945901850956838,15.81965717066974
7_2296,-4.088089718969164,9.593952408649185
4_2809,-2.811472352663406,-1.1504783689753797
8_4588,1.0600974644604118,-19.200561278629007
3_4061,12.005508163778801,13.831825750104699
0_5683,-20.26787959759252,-14.780594853419098
6_5641,19.12625607344418,-6.788407531100012
5_4953,-24.434352085053476,-3.125586749966891
5_2685,1.6136937194832721,19.003133652504847
8_5329,3.0162117415730876,-1.1197788432801947
8_1915,3.285139750810266,-5.407801506537787
9_3900,-11.173310711268694,5.653838521510165
7_1126,-3.293255355615857,-3.635871010245501
7_5451,-13.231704475280539,8.005705518929561
1_707,-0.7453370125226323,28.41997178063245
0_2570,-14.302716781078928,-20.85480831383448
6_3313,6.465334443584458,26.27448205938988
8_3472,-14.833141973562975,-6.40527061333986
9_2124,-2.4529756158307654,2.348796576175739
6_1398,15.147487588024763,-7.323575319114924
3_2739,10.17950844185152,11.648371138750417
8_989,0.5160413826885939,9.735177954856724
0_5693,-15.149334206594443,-24.147508009105305
9_417,-11.798009413412652,3.388330924156534
8_1274,-1.1638487606794006,7.271436034242627
2_5006,1.284725340071819,-12.979130745188563
8_3723,2.6704175920459594,9.302653124520965
9_396,-15.684790172497033,8.735025900375177
1_4481,14.756689443617221,20.239242200486412
9_993,-16.289246644643356,10.950683689189624
0_951,-12.804319595577912,-23.063574590356346
9_2189,-15.041260864405743,9.588059867760224
6_3712,16.35758247659819,-8.20942622897149
3_1131,6.051433548786328,3.9081278190050908
8_4281,-5.476265148440668,16.96155621816213
7_3839,1.4991047765213283,26.022827585660607
1_691,11.795060392400726,26.934700993734683
2_2838,20.699220560197972,7.250100513969993
0_5734,-12.948380961948471,-16.708781068949868
5_1375,2.9226576199467185,-22.353983005268855
2_1277,-5.012507230969312,-10.38219366926658
2_1759,31.89718309767315,-3.8056295257790156
8_1261,-2.419923507547938,16.638338073887773
0_5560,-3.7924047617670764,-25.242501302999194
7_5758,-5.765847393582086,5.15841879143185
1_1543,-9.379066176134376,26.974167703651336
0_5245,-15.697302051460703,-24.772844940709433
9_5529,-15.980317989203995,6.21544492099398
9_5010,-2.930213109082876,6.1256704202747585
4_2101,-15.443882403139957,9.914532900017619
2_24,25.140931950598468,3.6177297559942354
7_3806,-27.13955006685198,5.313885163660114
3_4567,6.552763819081465,10.696905301853318
9_562,-5.649722235070116,0.3274311264110564
7_4298,-26.79102192006881,5.440190564341964
2_5876,0.5579163869973683,-11.167296847858513
6_4207,12.461576615901118,-16.310909120410965
9_2084,-12.940819124841836,15.331563912295007
9_5418,-12.0649759329206,4.1073998386619825
7_426,-21.610933841180852,13.465534612401639
5_1639,3.392675103685337,4.500805887056117
2_4516,23.522366242307807,0.038079002911082536
3_4667,14.747888037937075,1.2990500318491875
1_3243,9.167968878321684,34.59369581569572
7_3021,-6.500187136160826,8.417995631553845
3_361,2.8358789491767085,13.315637153442397
0_3322,-10.647284802552342,-15.704146238195337
8_4548,-0.21810315267439032,20.63678825732774
2_2162,-7.340641555406395,-14.432980721758879
7_4186,-20.5701620935942,13.940036333245232
4_4792,-16.979042724625696,3.0896249167862258
8_3282,2.4265956139536766,22.445423692336814
1_2699,-14.186758464180492,25.25688863683953
6_1780,9.604069218403708,-9.847969516066081
8_5559,4.495243340039343,20.985041392468617
0_899,7.019332781148613,-4.940854901084587
0_1990,6.860205556792084,-20.9819912885333
2_4724,14.671027608187142,10.983542975342104
4_1651,-16.735079249180863,-1.617121998856662
6_2686,12.62937808853171,-7.573405101384454
4_4450,-17.462213932051952,-0.7866258887740506
4_178,-9.73679003285224,-0.41636317199272715
8_4290,-3.7780805539829867,16.587376140961105
7_2311,-19.391096824557707,20.735190601687243
3_1658,11.248236821220539,17.059008408880125
8_3678,-2.964536090996923,19.164777969923584
5_3915,6.681666231127242,-0.6250836695191816
8_4302,2.771111332960057,9.295756424186543
2_4293,-10.419114852926153,-6.583953448713344
9_4027,-17.899844638424263,7.402625354972871
9_4180,-12.559353995954321,6.986413420525761
2_3700,4.144106740608326,-6.889430043404658
6_3210,17.272953231858306,-5.708811047723673
4_1797,-1.6387576314198269,-18.59145653110291
4_1720,-10.980068408855852,-2.6967280670046967
0_1073,8.231277121772393,-3.6304623287780915
5_4907,4.829266690488343,5.339762269103264
9_175,-4.339793798507913,-0.23582206845370213
1_1781,-10.70979113751627,26.122975227684375
7_3437,-18.189722365021495,21.681177308744836
6_3303,8.508294968865203,-23.969611586789835
9_3666,10.41655659677224,22.610793698919345
7_4087,-9.531104255547296,6.773743370096158
3_5058,9.76199546024703,-8.91141781523526
7_2324,-17.885006823059776,12.846700113386532
6_3003,14.356213185320495,-21.01783826047639
4_4818,-10.78816522947926,8.444910095971503
1_6676,18.961062952259685,15.907776888892263
3_5818,-0.5413199797091797,0.8826184218159515
7_5896,-2.024291359878731,-5.676294933453641
0_2564,5.975812309067549,-21.300244724801715
2_5659,8.976065348740851,-0.13852105391470965
8_4165,-5.588940891818103,18.349404891342846
9_1900,-14.70166392392582,6.217715984445295
4_2024,-2.4483700984278784,-15.56934722508558
4_4339,8.134242244471535,-12.600999055720406
3_1463,15.485379395654986,7.398813801149033
6_3033,7.791451443294243,-9.509692903917168
9_3448,-5.632080872673756,-1.2022465522840524
5_3159,-0.7073175063790768,17.340661713542506
7_3322,-1.0015291697383766,-25.35335725834564
7_3363,-13.667046448763273,6.919520063326107
1_3349,-4.479811866905236,26.425532956560176
5_828,-13.322712996453616,-8.135121385891308
4_3891,-14.970458719526217,3.00354886261116
2_4061,-10.438663516922455,-6.6152319723581074
6_5801,13.08963168479936,-11.384629966243892
0_487,-10.583108396548543,-15.575499626302276
6_899,-6.44021096791967,13.026146523671372
8_4904,5.80064080701011,14.207415105125694
6_1742,15.876361880765714,-11.981537409500019
7_5633,-22.775229043731198,7.2525779895376425
7_1834,-20.074056964794107,12.718017797117788
1_2422,-4.477875435638292,26.411526144141902
5_4099,-4.612481859539627,-8.550468452713552
6_4856,24.032457738237195,12.282515860382432
1_362,23.786372812841694,18.499900919322084
7_1375,-5.420703184910658,21.706525514541987
4_1333,-16.077231363894708,1.5878488619788214
6_1483,-5.838156127175119,-29.466815015397277
6_4942,8.72339857389863,26.45166517664193
2_2918,-0.017642874272376277,-9.526002726626613
3_4581,17.90813607827211,2.116732276418649
6_5845,19.00509082072841,-7.8107453681944605
4_2338,0.32246981342199227,-21.276103179607308
4_3279,-5.062200153996495,-3.3022239983326847
4_2216,-6.439114591987779,-4.638434569110637
8_505,-12.767178361532887,-8.999766951785466
9_3215,11.398788502145425,23.383898148559396
2_5802,12.0719343270641,-1.492698953984784
3_4402,2.666147009828694,13.859735149430783
3_5671,10.308126212297234,12.708627585645267
6_2788,7.361373567857562,-2.0898114397338903
7_3129,-8.279188726096585,5.788669782213393
6_2705,12.154734354856755,-14.943973936942648
5_4372,3.0481855455874816,-24.425161136586926
7_4519,-18.01798265773872,12.430310290682954
4_534,-2.3300471665781624,-1.1775888210398948
4_4425,-17.25059742213115,-0.6327564333929376
3_5960,1.6176253130519915,12.534458925799058
5_1267,-8.444572500305178,13.119197106622803
1_1548,1.9008126534216032,29.969869379993852
3_161,9.358788050450977,4.301870317824713
5_5355,-16.061031683081428,-6.019751025224508
3_1834,9.933017329456474,3.6073279909978875
3_400,1.930638732191815,16.599927380462976
1_5339,13.147974889557938,30.258120275350887
1_2028,1.8215031555651868,31.059739413553576
7_4543,11.058376966286403,19.900008512486526
6_1519,16.054462412165975,-11.253321709319241
8_1409,5.839284722600803,17.001445757687474
2_3500,-9.688911387543978,-6.058347489195433
3_2528,3.513923577412197,0.8003345013460385
5_3605,15.658681399612286,15.17632090222783
4_5677,-21.20909488977537,-6.645672080227058
5_4859,2.9426983403211966,-28.071910463218604
3_1798,15.14010321219315,-2.074508375148033
4_5571,-14.11447561798875,12.820137755989688
5_2947,2.3060038413053627,20.850179405161185
7_4071,-15.676313175692737,17.398007341191068
8_5292,8.237021832073566,17.69825721144183
6_4432,8.941882773101149,-26.16907040886787
3_2299,8.022269385372125,7.243894247368444
3_5384,7.115831849301695,21.226844257082746
6_570,13.358352434954016,-6.58726808297138
6_2437,23.85733610518119,8.534303328212765
9_5845,-4.435571038755047,3.806245236351721
9_133,-10.487020085219212,3.42066425283406
2_5705,8.995506408656695,0.041323061563734186
6_4613,11.317576201474383,-11.373971807605207
2_2265,-5.174819309171736,-14.699376858757777
2_4565,14.164717253362285,10.795371039856478
1_5152,17.19252035083392,24.468082750457004
7_781,-23.033557090583848,3.696974714228758
3_848,10.119348046642905,1.8228507750127636
1_2596,-12.610480618008825,26.457010775330673
8_1724,-2.4170300330101497,23.967088393700482
2_4296,25.4306340238037,-1.403371568135133
1_120,-4.517930574290632,26.413822951126164
1_4582,13.009305380137873,29.225153773442067
5_401,2.732596478513649,2.8503914264707597
8_2264,-3.6143963088086104,13.954701019470784
1_279,2.3850164087225934,31.76221349040634
8_5549,-1.3381318527439114,7.251012954337658
4_2702,-5.996405349300669,-27.346249549932125
7_1708,-20.02521117600417,10.438842844720465
1_1277,22.473660304772245,-13.992595280968148
1_1639,-9.436974198637188,26.97537358579861
6_2410,21.36334234466379,-4.809564161626125
4_4094,-13.157414743775576,1.9612778062772707
2_1317,25.499171499296857,-0.0015376985042084674
7_3241,-21.259916337323716,12.61674869214366
4_2035,-2.268861040803201,-13.904485323774212
4_4388,-3.0437665667492064,-1.3596797289262696
3_2290,12.740400930330878,14.028934786179256
6_5256,13.31815358632597,-6.604339000784498
5_2904,-9.463714013155522,21.27901320672028
2_1056,26.577453522941003,-6.083553359699459
0_5796,-6.378943197919974,11.72070411231502
6_1468,10.976320094232909,-23.04008789266378
4_1605,-2.4897899082626456,3.0032299807319296
6_1716,16.184329416227172,-12.923200526047642
4_3091,-12.286003127058228,-2.166659456272007
3_1103,13.409254965077002,9.629938191639361
5_1131,-9.799261102331764,21.214262343454934
1_4935,22.495046432213105,16.164300374975245
3_3637,1.4646148520666549,15.965673126083697
6_2643,13.551574755881498,-17.963233805759895
6_1115,13.314569538828847,-17.278147051789347
2_4197,-6.509297262470734,23.52180574631827
4_1362,0.3685562689246194,-21.21756654134016
6_2923,12.638780531605851,-14.021677580458888
5_2361,9.797995426747134,6.09334608414239
4_3792,-8.983648962912643,1.6883550046414642
9_1019,-8.721578879803058,8.03845344915017
7_1956,-23.843925201751922,7.183031673594076
7_6245,-17.896843162779323,9.509771974440888
4_5476,-2.7905034477138404,1.530252319236286
7_826,-24.183433910540135,19.36765156579683
1_1794,22.306035192757957,16.10143145734853
1_2366,17.04426224583141,18.875794520817472
5_2465,5.389161782333411,-19.15226117000009
3_3110,5.226442332265406,14.8641409515184
8_5565,18.65677527767704,7.830786807063063
3_2288,4.651330674302837,1.1292133695847297
1_5032,-2.692698988360379,31.651460026090138
6_5481,9.514277432153914,-15.556011354578997
8_4495,-6.559459684977272,-7.212003627823934
1_2546,16.823724291554566,21.536537073519924
4_64,-18.10845953106565,-0.3615560424532406
1_2529,22.115823049219753,15.926990580087635
0_53,-10.670451073583777,-30.65120006431551
3_2914,13.854657521208331,5.602263492866158
7_3750,-21.225294672004246,6.871788730680373
6_1966,14.665622535381933,-9.512720155473675
7_3966,-17.201946170245442,10.51619695721186
4_5307,-8.746751928867345,-1.7031812059988969
1_3597,17.48043967457315,24.568918043099398
3_191,15.203047788027483,8.275429616805393
7_3507,-4.339277625851483,7.868065993147261
7_3622,-22.948193496483846,4.611428015425042
1_2493,13.798118836580576,22.67744602241213
3_4299,9.928929209804323,10.222817678114387
4_5523,-2.8120201067716724,-0.805618307240766
3_3076,-12.233480899244931,-11.061550703310377
1_3676,-13.579941930761448,26.47457027176528
9_1773,-0.5468638533488847,4.964569554246522
1_2752,11.422681137939739,28.372984892423144
7_113,-28.387233031929377,6.599644430016512
9_962,-12.09457216962008,7.0173655409039855
5_5006,0.08023714322076468,12.827815178546015
8_2359,5.452126357215632,17.221093370386917
4_4899,-19.101970198018947,-3.856721309668391
6_2754,14.66616804489922,-9.402811487926277
3_5549,3.2189027185397556,12.349875703449088
6_5540,17.152567148247247,-6.63809744193625
0_5504,-11.554041249489515,-21.660884431189817
8_4362,-0.8970651603238777,24.011373124787447
0_2982,8.914360547734056,-5.211862466981236
4_1485,5.445437103633072,9.038774261312385
8_4541,-4.9125253431194675,14.240672230669324
5_2224,-0.10967674092667988,12.912802153817017
0_2632,9.110663940164242,-7.919408250068907
3_5821,4.178492783493748,16.256410827967287
5_3481,-27.550955368015952,-2.617060307426751
6_2144,4.315852146894679,-31.82790852553526
0_1726,8.752631422614538,-5.228033948181417
8_4808,9.382291029627298,16.64138528181257
9_5520,-9.463275884280167,5.350137385444622
3_1042,0.4819392822051852,13.077609395305878
1_2482,-8.440982727704615,27.295192813079538
8_2186,-25.631208454128128,0.4020437354364127
3_3151,11.469669517569788,1.1574042759580638
4_5824,-18.626453472559103,-6.743302031002984
8_3700,2.9416987306636324,17.239795390324527
1_3455,16.83481015296445,19.456013113407558
3_5527,10.224828526225032,14.073917309398446
6_1691,17.058848796460047,14.154991997013997
8_3777,-2.40595401869239,10.020285792341578
3_1567,5.911818166747886,3.533477110445065
8_4874,-1.7241184060677575,10.329906534708012
1_5092,14.3209412672467,24.686339617432537
5_4419,-9.000383112926098,17.911025600568912
2_5956,-9.15024401699441,-10.433383781254133
9_1864,-6.083987088733109,2.453534262699169
6_843,6.600536739915517,26.960224410569328
0_2301,-3.605797316558877,-24.192606333474583
1_5746,19.14497183034466,22.409389507049788
7_2699,-21.36973772916895,8.101701914144385
6_3168,6.015508618972889,-6.366615781339326
5_3756,0.8508443229514797,4.190952177237215
9_441,-13.390657820531622,13.134401942382011
4_5390,-14.187634946447712,0.5866420538539752
9_735,-10.406580316909283,7.741191119561341
4_2590,-13.726394786317927,1.4202675333796737
4_70,-6.257944458626378,-2.1769803318883656
4_4382,-2.78269012174536,1.6485973045436177
7_5186,-22.339312686359932,7.724029293397389
2_2390,25.778995780369982,-12.161365641862956
0_1866,-16.125655905902885,-16.597847180226005
3_845,3.4912117454904465,25.385133138015995
9_3081,-10.02250999760394,-3.37152075062285
1_4705,2.017750662948912,29.659290442269345
2_4043,25.97548909638498,-9.176776032644876
0_1078,-19.398028326418267,-13.32624117451634
4_1030,-11.17869134093504,3.0965265106719606
1_1730,-0.1853059073299988,27.037606412322916
0_1394,3.6387987778933333,-15.824079483800475
0_4736,10.277886056238003,-4.661770097427
2_3861,0.03634147562229099,-9.51683073544666
7_2656,-6.227665790603578,7.444260393626724
4_834,-13.444617489789376,-0.31341255453291655
1_2900,14.722258512708745,20.22090063057496
1_233,3.477325987990381,31.939425070974348
1_2011,-14.181705762473008,25.219086042414794
3_5429,14.664971789331926,6.292067477504793
1_4211,1.8205106230299783,31.10287843456563
4_755,-7.652942734035879,16.84711246159166
8_5103,4.120392411598475,21.770988746796817
4_3101,-2.4267117546450643,-15.716527074831623
0_398,-10.948230377480984,-20.388302832743385
7_4029,-4.221216924042776,7.619853970141201
5_2327,2.3227665073081725,-17.360599758980133
1_4109,28.660419629564224,12.894305958692279
8_648,17.55261353939294,-1.523136153819632
5_3104,-14.937684589850232,-2.8029244855836786
2_975,31.691114185331806,-7.088008407682776
3_353,14.877159110839637,2.614200205315456
