3_0,0,0.12081738595084493
3_0,1,0.17274530408677241
3_0,2,0.064354157409593687
3_0,3,0.065509453239085413
3_0,4,0.0014766457372056929
3_0,5,0.082764021735603086
3_0,6,0.085897831836958247
3_0,7,0.091233526716884769
3_0,8,0.21525669830727215
3_0,9,0.099944974979779652
3_1,0,0.11940133456383041
3_1,1,0.1717104940538389
3_1,2,0.065313579774239142
3_1,3,0.055100943962403587
3_1,4,0.0031744336725521159
3_1,5,0.069800145977889069
3_1,6,0.13337185761649042
3_1,7,0.11928729299596515
3_1,8,0.19533607424406801
3_1,9,0.067503843138723207
4_0,0,0.10334084491316445
4_0,1,0.17028098536901687
4_0,2,0.18776362455800838
4_0,3,0.031253392840726014
4_0,4,0.1070100644337184
4_0,5,0.068399797502198073
4_0,6,0.10752182056290642
4_0,7,0.16999725256788706
4_0,8,0.046895020921942906
4_0,9,0.0075371963304314248
2_0,0,0.062822154461485993
2_0,1,0.068548835425638777
2_0,2,0.078660047653080351
2_0,3,0.10702257681145425
2_0,4,0.079055472155092801
2_0,5,0.097820647937940222
2_0,6,0.17018874558933633
2_0,7,0.11340028141863204
2_0,8,0.16664281596245892
2_0,9,0.05583842258488031
4_1,0,0.08594978437586101
4_1,1,0.12249396761841164
4_1,2,0.13715585685727538
4_1,3,0.048452367601431838
4_1,4,0.20141538657726871
4_1,5,0.072291174917726006
4_1,6,0.061297763160384787
4_1,7,0.19330121177960427
4_1,8,0.069490966266105764
4_1,9,0.0081515208459306265
3_2,0,0.16843704357675726
3_2,1,0.058732156572258332
3_2,2,0.056160954966408334
3_2,3,0.11002274118362707
3_2,4,0.0017420748807514524
3_2,5,0.097230440610979046
3_2,6,0.10101705997251682
3_2,7,0.19172451397348353
3_2,8,0.11833709231297999
3_2,9,0.096595921950238223
1_0,0,0.024013787039940681
1_0,1,0.23523962822669806
1_0,2,0.13599165961811133
1_0,3,0.29151258528746204
1_0,4,0.0076681865864271078
1_0,5,0.026234282564966942
1_0,6,0.053779879457964426
1_0,7,0.071233786208550559
1_0,8,0.091217065784552298
1_0,9,0.063109139225326571
1_1,0,0.040266010491244481
1_1,1,0.14517702656676887
1_1,2,0.15615988259085473
1_1,3,0.30411028905095994
1_1,4,0.01216388513423584
1_1,5,0.078122081512866717
1_1,6,0.045935036032280142
1_1,7,0.081602300522852958
1_1,8,0.086929037908527476
1_1,9,0.049534450189409107
1_2,0,0.040572056258435296
1_2,1,0.34420408659909163
1_2,2,0.15824387578721633
1_2,3,0.13588157847920554
1_2,4,0.0059303974862028753
1_2,5,0.051847620521678586
1_2,6,0.041689195589012407
1_2,7,0.055151301470834378
1_2,8,0.067876109411588684
1_2,9,0.098603778396734135
4_2,0,0.084850818297312849
4_2,1,0.15201822124633918
4_2,2,0.13138687991103065
4_2,3,0.051877195391038806
4_2,4,0.084211894299359852
4_2,5,0.062047630504830746
4_2,6,0.11401423581334522
4_2,7,0.24110307268120393
4_2,8,0.072712299676271172
4_2,9,0.0057777521792675484
2_1,0,0.032134180290978469
2_1,1,0.078375707934010816
2_1,2,0.095046588571741142
2_1,3,0.10295319909382822
2_1,4,0.089360696514444241
2_1,5,0.10361684996758654
2_1,6,0.12166538199668972
2_1,7,0.15438696780057956
2_1,8,0.14419392361217936
2_1,9,0.07826650421796201
1_3,0,0.039387862334031618
1_3,1,0.17598856227740509
1_3,2,0.083693712933734121
1_3,3,0.22709878992080607
1_3,4,0.014137341203420506
1_3,5,0.061984453229912202
1_3,6,0.045536929380927675
1_3,7,0.10215917057888652
1_3,8,0.13505340714952171
1_3,9,0.1149597709913546
3_3,0,0.18692125621331787
3_3,1,0.07736545758888469
3_3,2,0.037826296533662783
3_3,3,0.12793987056099657
3_3,4,0.0018383079594892393
3_3,5,0.064585273629968451
3_3,6,0.14010359809971942
3_3,7,0.077876693814480327
3_3,8,0.22837356885313687
3_3,9,0.057169676746343795
4_3,0,0.068731598078736481
4_3,1,0.13285503851893937
4_3,2,0.11528880097025086
4_3,3,0.048860826177540506
4_3,4,0.16292315188117873
4_3,5,0.058394275795435567
4_3,6,0.083554036171638271
4_3,7,0.23689427717072786
4_3,8,0.081029032006504215
4_3,9,0.011468963229048026
4_4,0,0.069180186453925874
4_4,1,0.12412672636677137
4_4,2,0.10833038102133656
4_4,3,0.07754420327155187
4_4,4,0.19781153040654617
4_4,5,0.0744926689176761
4_4,6,0.15096318229210906
4_4,7,0.11889206446985916
4_4,8,0.070727107711556464
4_4,9,0.0079319490886673987
3_4,0,0.1131589843142473
3_4,1,0.16689940858580654
3_4,2,0.069637003941093206
3_4,3,0.082785268165778428
3_4,4,0.0035314509477086145
3_4,5,0.0816945344062079
3_4,6,0.15537517191195643
3_4,7,0.11839093147450903
3_4,8,0.09994098150406551
3_4,9,0.10858626474862688
3_5,0,0.21326958469848067
3_5,1,0.060929236834922323
3_5,2,0.044206713155409617
3_5,3,0.10428859664842251
3_5,4,0.0017718481994369747
3_5,5,0.059364914219113794
3_5,6,0.16846855081826836
3_5,7,0.15242824901792312
3_5,8,0.14941854108874497
3_5,9,0.045853765319277505
2_2,0,0.044854565690598369
2_2,1,0.053579815517597454
2_2,2,0.079014414649060227
2_2,3,0.074908316128104266
2_2,4,0.040572384826546445
2_2,5,0.20520620510510412
2_2,6,0.15271628272254936
2_2,7,0.12749879985650017
2_2,8,0.15367809808681795
2_2,9,0.067971117417121585
0_0,0,0.097026153236804066
0_0,1,0.040439052713342173
0_0,2,0.20985606771110396
0_0,3,0.12279792642788069
0_0,4,0.163309918158695
0_0,5,0.11203748006785311
0_0,6,0.048428706455523954
0_0,7,0.097161549650043047
0_0,8,0.074723097843107697
0_0,9,0.034220047735646242
4_5,0,0.071552602956861194
4_5,1,0.14391921437695587
4_5,2,0.18935041032160321
4_5,3,0.044847379117112382
4_5,4,0.1396041867149459
4_5,5,0.081822035824167319
4_5,6,0.1513659904981243
4_5,7,0.10944078595060359
4_5,8,0.056564342957627328
4_5,9,0.011533051281998994
0_1,0,0.0593592195887091
0_1,1,0.034427719321463796
0_1,2,0.14102661532141758
0_1,3,0.09074054186227945
0_1,4,0.29714270975959201
0_1,5,0.10745194043598132
0_1,6,0.053861148516802439
0_1,7,0.14099469371845449
0_1,8,0.057326229190368748
0_1,9,0.017669182284931247
4_6,0,0.055344807053718303
4_6,1,0.091965123263250043
4_6,2,0.14861548743957675
4_6,3,0.050953669533313706
4_6,4,0.26689725062742131
4_6,5,0.053387965725707691
4_6,6,0.075454699680661375
4_6,7,0.21106611931921659
4_6,8,0.039607157078049647
4_6,9,0.0067077202790845891
1_4,0,0.043269318950178146
1_4,1,0.208690064163156
1_4,2,0.11884805984351317
1_4,3,0.20519641981186576
1_4,4,0.011046263236185985
1_4,5,0.032551064574345152
1_4,6,0.076059655026339032
1_4,7,0.076836889549923043
1_4,8,0.10803433173061269
1_4,9,0.1194679331138811
2_3,0,0.051293635350307738
2_3,1,0.027993624349926409
2_3,2,0.069484595217446862
2_3,3,0.093683310001590331
2_3,4,0.06663378914751189
2_3,5,0.12219069852296804
2_3,6,0.14441545447901424
2_3,7,0.20554954436043202
2_3,8,0.17367393820324351
2_3,9,0.045081410367558993
2_4,0,0.027971512931676823
2_4,1,0.058409326817738007
2_4,2,0.062036938434712814
2_4,3,0.073474185959866489
2_4,4,0.068231325924757946
2_4,5,0.13037735251723348
2_4,6,0.11085508486129202
2_4,7,0.19487613951971328
2_4,8,0.22575294737264753
2_4,9,0.048015185660361732
0_2,0,0.14223457829724528
0_2,1,0.049162215792913376
0_2,2,0.16675900905391008
0_2,3,0.1050131538299201
0_2,4,0.19328318868387426
0_2,5,0.10176522474799625
0_2,6,0.047580262054817551
0_2,7,0.10098589211513212
0_2,8,0.078608815641776464
0_2,9,0.014607659782414312
4_7,0,0.060830721735261148
4_7,1,0.1355960493885689
4_7,2,0.15081966522628015
4_7,3,0.062015657124900765
4_7,4,0.11298438733568912
4_7,5,0.065196758788125336
4_7,6,0.17586034199792031
4_7,7,0.17353485641588606
4_7,8,0.053615657213566675
4_7,9,0.0095459047738015723
4_8,0,0.085376997844759078
4_8,1,0.13068698403783174
4_8,2,0.18824069865870829
4_8,3,0.074695030729129502
4_8,4,0.13388168138266116
4_8,5,0.069153055408227124
4_8,6,0.074291451198280803
4_8,7,0.14394369271509916
4_8,8,0.087693962267870143
4_8,9,0.012036445757433048
0_3,0,0.063003957673325478
0_3,1,0.037973307705031441
0_3,2,0.22238461181934219
0_3,3,0.17588161523699058
0_3,4,0.22339856988806359
0_3,5,0.047487833498410313
0_3,6,0.052715116240707516
0_3,7,0.086979492816342943
0_3,8,0.060798396166832636
0_3,9,0.029377098954953221
0_4,0,0.056168824491318867
0_4,1,0.055340223375011571
0_4,2,0.12152336357229404
0_4,3,0.20641924828776251
0_4,4,0.24768361092499872
0_4,5,0.064022966235705345
0_4,6,0.076763238838137085
0_4,7,0.066234760209595275
0_4,8,0.074528528133958938
0_4,9,0.03131523593121769
1_5,0,0.038362560226032856
1_5,1,0.28242973859428427
1_5,2,0.11113855621127022
1_5,3,0.250714874764916
1_5,4,0.006854468605612723
1_5,5,0.05604231193892531
1_5,6,0.027613525108093399
1_5,7,0.049240621631886319
1_5,8,0.093383157429791669
1_5,9,0.084220185489187291
1_6,0,0.042288226040935413
1_6,1,0.33408256589831403
1_6,2,0.13661684410175495
1_6,3,0.14425877784139152
1_6,4,0.0106672890752203
1_6,5,0.037259376587860028
1_6,6,0.028786219797132858
1_6,7,0.12193743660873671
1_6,8,0.097639651991353021
1_6,9,0.046463612057301089
4_9,0,0.089402188320334489
4_9,1,0.14661482689417879
4_9,2,0.085810088177910471
4_9,3,0.072503339809224576
4_9,4,0.11665414993116613
4_9,5,0.059339996294600059
4_9,6,0.11415279494691935
4_9,7,0.21748448456937006
4_9,8,0.086439005252005971
4_9,9,0.011599125804290058
0_5,0,0.05306107260902819
0_5,1,0.036282863134047792
0_5,2,0.21862655106740631
0_5,3,0.086438107566109423
0_5,4,0.30370446701751175
0_5,5,0.059091854689968124
0_5,6,0.080090159851143608
0_5,7,0.093675898764948987
0_5,8,0.045427539923709098
0_5,9,0.023601485376126753
3_6,0,0.18147470906507307
3_6,1,0.13877300213492963
3_6,2,0.023159816013311681
3_6,3,0.053011177809316759
3_6,4,0.0013144339384479524
3_6,5,0.052373981040092263
3_6,6,0.17028549094277906
3_6,7,0.093144225421857921
3_6,8,0.19552562191852871
3_6,9,0.090937541715662984
2_5,0,0.027336382064228053
2_5,1,0.039566172259965018
2_5,2,0.10846416775054629
2_5,3,0.074202603421176155
2_5,4,0.086845174147562279
2_5,5,0.12178506717576187
2_5,6,0.17275543658304407
2_5,7,0.17722389470546795
2_5,8,0.14116133562995292
2_5,9,0.050659766262295368
1_7,0,0.02327262575874682
1_7,1,0.31659609510880504
1_7,2,0.10685897241858822
1_7,3,0.23309344701063212
1_7,4,0.013131319043696769
1_7,5,0.046145970090728669
1_7,6,0.044506744037311953
1_7,7,0.053043834501037938
1_7,8,0.10908801275760421
1_7,9,0.054262979272848351
4_10,0,0.072228137664285846
4_10,1,0.15065395204078322
4_10,2,0.188831662063077
4_10,3,0.027251412372975486
4_10,4,0.11652574073726084
4_10,5,0.054081296127040476
4_10,6,0.14204335783548619
4_10,7,0.18900998248180806
4_10,8,0.050352083299979151
4_10,9,0.0090223753773036684
0_6,0,0.065425099338244599
0_6,1,0.049940049001342947
0_6,2,0.13584330443197162
0_6,3,0.13792406019970069
0_6,4,0.31382485254844061
0_6,5,0.069388210290341965
0_6,6,0.075396671804389387
0_6,7,0.091101988607836581
0_6,8,0.047992536535397291
0_6,9,0.013163227242334499
3_7,0,0.19209719387985977
3_7,1,0.12690535865618702
3_7,2,0.05310849525381605
3_7,3,0.12433947932556984
3_7,4,0.0013802884171698496
3_7,5,0.048690102365599723
3_7,6,0.15309247145989632
3_7,7,0.083909428642523917
3_7,8,0.11986370056067107
3_7,9,0.096613481438706211
1_8,0,0.066030332538530259
1_8,1,0.15432415240375555
1_8,2,0.069871780481951265
1_8,3,0.21308550232988416
1_8,4,0.016213809083996892
1_8,5,0.075819719837458541
1_8,6,0.067551329541993763
1_8,7,0.14350107052898067
1_8,8,0.064259225218187235
1_8,9,0.12934307803526179
4_11,0,0.070276009439867643
4_11,1,0.16806992092354181
4_11,2,0.19079710474576142
4_11,3,0.05238532212127027
4_11,4,0.23667998541401991
4_11,5,0.036394599253250635
4_11,6,0.076302501979216383
4_11,7,0.08525302533358553
4_11,8,0.075126502544009169
4_11,9,0.0087150282454774141
0_7,0,0.12151057562485784
0_7,1,0.052690600007679382
0_7,2,0.14363955318288998
0_7,3,0.11656067659135928
0_7,4,0.24456032410021697
0_7,5,0.042292218829312951
0_7,6,0.073500745709484117
0_7,7,0.14404347507892412
0_7,8,0.030939945468290507
0_7,9,0.030261885406984726
1_9,0,0.05986446455682299
1_9,1,0.26948815415785005
1_9,2,0.15265171235619293
1_9,3,0.2016193540718392
1_9,4,0.013259078600457037
1_9,5,0.042689190870351439
1_9,6,0.028725641232257172
1_9,7,0.052331087110252986
1_9,8,0.085527339090909954
1_9,9,0.093843977953066399
0_8,0,0.050860615088760289
0_8,1,0.041316299508557093
0_8,2,0.27700332643767284
0_8,3,0.1875885602410092
0_8,4,0.15405734017151979
0_8,5,0.048044164355149278
0_8,6,0.036809546597580053
0_8,7,0.11207956520637288
0_8,8,0.062491815805568229
0_8,9,0.029748766587810456
1_10,0,0.029965210001820251
1_10,1,0.26358719025785288
1_10,2,0.1201975151276209
1_10,3,0.24037634952438533
1_10,4,0.0063902940015330423
1_10,5,0.053422261194298208
1_10,6,0.021749168661144
1_10,7,0.097118630828990152
1_10,8,0.12216794667315246
1_10,9,0.045025433729202695
2_6,0,0.039279479141168208
2_6,1,0.020285701828246301
2_6,2,0.074358084461846913
2_6,3,0.062578439082309173
2_6,4,0.066898512690639761
2_6,5,0.15592591248139545
2_6,6,0.16967543912669952
2_6,7,0.15010680222512326
2_6,8,0.18671885723975148
2_6,9,0.074172771722820011
1_11,0,0.054396599986070958
1_11,1,0.14810180639530199
1_11,2,0.15129350033545272
1_11,3,0.31408807398079169
1_11,4,0.010713599725438207
1_11,5,0.047893387759170424
1_11,6,0.04025231983859523
1_11,7,0.076923126601524061
1_11,8,0.051931331998312215
1_11,9,0.10440625337934269
2_7,0,0.031589970761578372
2_7,1,0.035735779239086808
2_7,2,0.041301311158120101
2_7,3,0.085808481334394685
2_7,4,0.089742127098023317
2_7,5,0.19898969491191371
2_7,6,0.15829539085936248
2_7,7,0.12271459411308111
2_7,8,0.14145765172230734
2_7,9,0.094364998802131922
4_12,0,0.05229962941272006
4_12,1,0.10247272311681055
4_12,2,0.15896515237583031
4_12,3,0.059582372359074758
4_12,4,0.10934386072980187
4_12,5,0.050108198291751525
4_12,6,0.16468103766020464
4_12,7,0.1922679778448817
4_12,8,0.097190083470590771
4_12,9,0.013088964738333785
4_13,0,0.072528080476503068
4_13,1,0.16344276982873196
4_13,2,0.21184883074046598
4_13,3,0.034008178540997247
4_13,4,0.18469344631422879
4_13,5,0.069489773295216689
4_13,6,0.097906350447684004
4_13,7,0.11837365879504834
4_13,8,0.041446047802866356
4_13,9,0.0062628637582576585
2_8,0,0.049120946987327017
2_8,1,0.045665351778284582
2_8,2,0.076984034367226992
2_8,3,0.048059011778259331
2_8,4,0.052656306053044423
2_8,5,0.13874323839552979
2_8,6,0.16374091666619345
2_8,7,0.20915548622127419
2_8,8,0.14483928275138427
2_8,9,0.071035425001476013
1_12,0,0.05689287764865749
1_12,1,0.31576106387735092
1_12,2,0.12842226548424585
1_12,3,0.20510585486641467
1_12,4,0.0048450630484432712
1_12,5,0.037484333910283489
1_12,6,0.068076502118241733
1_12,7,0.060874264734734618
1_12,8,0.085795231463515947
1_12,9,0.036742542848112035
1_13,0,0.056943898595299719
1_13,1,0.18392139892690432
1_13,2,0.14067053027996138
1_13,3,0.30176222202728031
1_13,4,0.006757235900159253
1_13,5,0.057296186507655854
1_13,6,0.037672848495988016
1_13,7,0.053558490340918197
1_13,8,0.12105518136872466
1_13,9,0.04036200755710824
1_14,0,0.062278792303666217
1_14,1,0.15278942840983428
1_14,2,0.14012860302364277
1_14,3,0.21360533502523446
1_14,4,0.0092979701714492949
1_14,5,0.048787203539080892
1_14,6,0.070330810853558995
1_14,7,0.1431421906554558
1_14,8,0.12180000997396499
1_14,9,0.037839656044112283
2_9,0,0.031877229632063846
2_9,1,0.038831351440967853
2_9,2,0.11656181860525928
2_9,3,0.080994238812141864
2_9,4,0.044396590035752026
2_9,5,0.1437613982513406
2_9,6,0.11787173166530815
2_9,7,0.1774395924765157
2_9,8,0.15497553467063344
2_9,9,0.093290514410017233
0_9,0,0.12021127768344674
0_9,1,0.024870744877891954
0_9,2,0.10932910583498356
0_9,3,0.2598877742481876
0_9,4,0.19293249739694365
0_9,5,0.067065858564380479
0_9,6,0.074899317051697861
0_9,7,0.096664618175273817
0_9,8,0.031332098695793259
0_9,9,0.022806707471401077
2_10,0,0.020747680470467978
2_10,1,0.03684367845731281
2_10,2,0.051330083077108915
2_10,3,0.082460966344928124
2_10,4,0.10404213553942052
2_10,5,0.22028441902288404
2_10,6,0.096531538780027737
2_10,7,0.16814185628797138
2_10,8,0.1558788018049406
2_10,9,0.063738840214937892
0_10,0,0.089397021330960766
0_10,1,0.021886279891715744
0_10,2,0.18114664167699338
0_10,3,0.2193663076811308
0_10,4,0.18524221230315166
0_10,5,0.046198936090466054
0_10,6,0.074287518789742393
0_10,7,0.091737492713318866
0_10,8,0.072774797642031513
0_10,9,0.017962791880488983
0_11,0,0.044985794805632265
0_11,1,0.042789127172252674
0_11,2,0.10010956752682565
0_11,3,0.22855112778283554
0_11,4,0.26563202488174292
0_11,5,0.043464863497301658
0_11,6,0.06553858626350495
0_11,7,0.11706555293934916
0_11,8,0.059346207954595373
0_11,9,0.032517147175959868
2_11,0,0.055575812329624254
2_11,1,0.031118963773791329
2_11,2,0.084849662770134324
2_11,3,0.065056567105751098
2_11,4,0.10488159148078634
2_11,5,0.092830187802738454
2_11,6,0.12954182080996549
2_11,7,0.12329417856736422
2_11,8,0.21554609597778215
2_11,9,0.097305119382062474
0_12,0,0.070601596546952028
0_12,1,0.049544160228463203
0_12,2,0.24608383259493843
0_12,3,0.18624039326488206
0_12,4,0.13305420115578268
0_12,5,0.091011430328378912
0_12,6,0.044790271948734209
0_12,7,0.11885927844706926
0_12,8,0.031427786286298366
0_12,9,0.028387049198500769
2_12,0,0.032018618628946047
2_12,1,0.047610388783405108
2_12,2,0.10923968370829736
2_12,3,0.079403422486253289
2_12,4,0.09190797962534665
2_12,5,0.16929924066596883
2_12,6,0.080926568528500692
2_12,7,0.17816837535710608
2_12,8,0.10535015196888643
2_12,9,0.10607557024728949
0_13,0,0.068348612473543305
0_13,1,0.061007028830116362
0_13,2,0.14012350037716226
0_13,3,0.20987732816853832
0_13,4,0.18656500026484343
0_13,5,0.070790270232389041
0_13,6,0.10822398294503827
0_13,7,0.073387212235361265
0_13,8,0.067278420160449812
0_13,9,0.014398644312557881
2_13,0,0.029269305752072601
2_13,1,0.035348728098440148
2_13,2,0.098253510623921791
2_13,3,0.075840307326045214
2_13,4,0.080589217635726046
2_13,5,0.19240498162796615
2_13,6,0.1241450195361947
2_13,7,0.14656636625647507
2_13,8,0.17792923850791442
2_13,9,0.039653324635243868
4_14,0,0.088500055671191291
4_14,1,0.10476384777754631
4_14,2,0.16901031762229402
4_14,3,0.055867044023421568
4_14,4,0.19844364770371067
4_14,5,0.044789274173553488
4_14,6,0.07792447075537777
4_14,7,0.19700827223725656
4_14,8,0.055344463838231321
4_14,9,0.0083486061974168465
2_14,0,0.047991367370692081
2_14,1,0.038135846319725185
2_14,2,0.072133510707275222
2_14,3,0.10771901908978034
2_14,4,0.099912282056270979
2_14,5,0.2020645145369647
2_14,6,0.10506295459638297
2_14,7,0.15119865937441182
2_14,8,0.1105809714233464
2_14,9,0.065200874525150443
4_15,0,0.14012603728880169
4_15,1,0.083649645090552088
4_15,2,0.22607103052143923
4_15,3,0.088606191489142366
4_15,4,0.11636357022372151
4_15,5,0.04123851834485219
4_15,6,0.078888664302480552
4_15,7,0.15744364355833032
4_15,8,0.055781115052342491
4_15,9,0.011831584128337598
2_15,0,0.020796400429943768
2_15,1,0.02993496721158569
2_15,2,0.068165161363323443
2_15,3,0.06125598060443211
2_15,4,0.054503832198223225
2_15,5,0.24150062956821605
2_15,6,0.080040821937828771
2_15,7,0.15957753579073736
2_15,8,0.21663065080979974
2_15,9,0.067594020085909895
3_8,0,0.14326778400292098
3_8,1,0.093743372551548423
3_8,2,0.062834350522312982
3_8,3,0.1059771157962832
3_8,4,0.0015222730717113048
3_8,5,0.052129658935376313
3_8,6,0.19037058391006012
3_8,7,0.12300390610387475
3_8,8,0.098624726492183901
3_8,9,0.12852622861372812
0_14,0,0.10365082266657538
0_14,1,0.030140952972370502
0_14,2,0.16714079519248345
0_14,3,0.18242048753824822
0_14,4,0.24504789674886607
0_14,5,0.067346930421276735
0_14,6,0.064546910095193269
0_14,7,0.060667679256733997
0_14,8,0.06125025586360236
0_14,9,0.017787269244650086
3_9,0,0.13036501351924823
3_9,1,0.11799199723649835
3_9,2,0.03118694997956719
3_9,3,0.04930514104626859
3_9,4,0.0032539627596021845
3_9,5,0.079698501373768341
3_9,6,0.15342772521575296
3_9,7,0.17452733277784319
3_9,8,0.16001799574164394
3_9,9,0.10022538034980719
4_16,0,0.045948129506662626
4_16,1,0.20195126527713489
4_16,2,0.16167714883412868
4_16,3,0.044880298091981477
4_16,4,0.1377574840437468
4_16,5,0.058472017700879703
4_16,6,0.12275141062468675
4_16,7,0.11593110865448403
4_16,8,0.1027240317979974
4_16,9,0.0079071054682976292
3_10,0,0.1912545113573477
3_10,1,0.14843149470553171
3_10,2,0.056868789607603547
3_10,3,0.059280474095433293
3_10,4,0.0016970714472878514
3_10,5,0.11893696731141243
3_10,6,0.16057044361482981
3_10,7,0.11068059458389069
3_10,8,0.099362075184430104
3_10,9,0.052917578092232839
2_16,0,0.061862749431273213
2_16,1,0.036128132308378469
2_16,2,0.097602262621751951
2_16,3,0.1050331603099712
2_16,4,0.06029889855834674
2_16,5,0.15429060113165263
2_16,6,0.11101440429154334
2_16,7,0.11427818281070271
2_16,8,0.15484500303133494
2_16,9,0.10464660550504494
1_15,0,0.04823659934059403
1_15,1,0.200575561350813
1_15,2,0.14481982010825339
1_15,3,0.30033847710131584
1_15,4,0.0074180552291876981
1_15,5,0.066421519168425258
1_15,6,0.037464654120246139
1_15,7,0.065257462667380695
1_15,8,0.064149994776388511
1_15,9,0.065317856137395491
2_17,0,0.055795562972598731
2_17,1,0.047325140673636808
2_17,2,0.093310533365658144
2_17,3,0.070736270322543982
2_17,4,0.072742548940559329
2_17,5,0.22671248432155208
2_17,6,0.13388386574425695
2_17,7,0.10655987398277855
2_17,8,0.10894167245500071
2_17,9,0.083992047221414567
4_17,0,0.042843607762508014
4_17,1,0.15770684969137669
4_17,2,0.17856570692985604
4_17,3,0.063925651240254844
4_17,4,0.20794685424228793
4_17,5,0.038033565998469035
4_17,6,0.096954992902194503
4_17,7,0.16257523001345589
4_17,8,0.042717695862793947
4_17,9,0.0087298453568030558
3_11,0,0.19601837795732333
3_11,1,0.085442007969943376
3_11,2,0.03201866224426872
3_11,3,0.10921593975546905
3_11,4,0.0015221307124980055
3_11,5,0.072203289337694682
3_11,6,0.1560728963997082
3_11,7,0.064471495715849855
3_11,8,0.19771256256549141
3_11,9,0.085322637341753355
0_15,0,0.047217703561928545
0_15,1,0.029704849674836172
0_15,2,0.17835907242166721
0_15,3,0.21516584961535964
0_15,4,0.2934858279179472
0_15,5,0.057357384630341887
0_15,6,0.067380723799515527
0_15,7,0.061043385127990714
0_15,8,0.033408813499546559
0_15,9,0.016876389750866458
0_16,0,0.080386103123860284
0_16,1,0.042437924480633042
0_16,2,0.22339981681223059
0_16,3,0.14652715175214262
0_16,4,0.2034599503552833
0_16,5,0.098947698144160587
0_16,6,0.070958341057656388
0_16,7,0.060287294266513754
0_16,8,0.055437724998050587
0_16,9,0.018157995009468842
3_12,0,0.18281327424078911
3_12,1,0.13228057617114319
3_12,2,0.070500579313890671
3_12,3,0.069264210904587203
3_12,4,0.001418802537192629
3_12,5,0.049915405291179042
3_12,6,0.13155661092280532
3_12,7,0.12400384059223926
3_12,8,0.13013861785674607
3_12,9,0.10810808216942747
3_13,0,0.17993946612763839
3_13,1,0.12248428659172737
3_13,2,0.049587009677347797
3_13,3,0.080222864691247231
3_13,4,0.0028358849868032375
3_13,5,0.092202557759187828
3_13,6,0.1176038604021144
3_13,7,0.11413891301551071
3_13,8,0.15899802510207839
3_13,9,0.081987131646344663
1_16,0,0.0313073701929555
1_16,1,0.14797464378752218
1_16,2,0.089526810882508787
1_16,3,0.2511623421190422
1_16,4,0.014667888437884359
1_16,5,0.07510253464744561
1_16,6,0.069775204183146589
1_16,7,0.10364516311363245
1_16,8,0.15709897714288204
1_16,9,0.059739065492980428
2_18,0,0.060647086106709054
2_18,1,0.048751145382352035
2_18,2,0.10693148918103021
2_18,3,0.083006487383694871
2_18,4,0.056746283931684509
2_18,5,0.15775650880290892
2_18,6,0.11496339813743231
2_18,7,0.099087307245047634
2_18,8,0.198182586920504
2_18,9,0.073927706908636454
3_14,0,0.11482585668557635
3_14,1,0.17654573495692344
3_14,2,0.061684631764054768
3_14,3,0.055676524835244511
3_14,4,0.0022486383703037419
3_14,5,0.056882375881791312
3_14,6,0.16156125076937639
3_14,7,0.12155934629717279
3_14,8,0.16872118442143874
3_14,9,0.080294456018117855
3_15,0,0.22216667852567445
3_15,1,0.10189773875026246
3_15,2,0.047098146588840407
3_15,3,0.085817128375718518
3_15,4,0.0033318828754893988
3_15,5,0.09930294234184342
3_15,6,0.1251983481205049
3_15,7,0.092585404307663863
3_15,8,0.1579273788959161
3_15,9,0.064674351218086526
2_19,0,0.034067217549391446
2_19,1,0.047644232521682435
2_19,2,0.11701286853259352
2_19,3,0.074333216093922891
2_19,4,0.11929573581162684
2_19,5,0.1133521877939018
2_19,6,0.12433848196165552
2_19,7,0.14012299997820485
2_19,8,0.14382091983050949
2_19,9,0.08601213992651123
2_20,0,0.056378212410889646
2_20,1,0.067462438616452722
2_20,2,0.0982655542772565
2_20,3,0.10934695086243432
2_20,4,0.10841613145190779
2_20,5,0.13458501838449052
2_20,6,0.17806881882213121
2_20,7,0.089348561743804719
2_20,8,0.11419645333675389
2_20,9,0.043931860093878485
1_17,0,0.033441531276319658
1_17,1,0.32821963682199923
1_17,2,0.095863366042625991
1_17,3,0.15252901414146522
1_17,4,0.010826808028783165
1_17,5,0.044146134828538595
1_17,6,0.058312766861225933
1_17,7,0.08046084940778668
1_17,8,0.11624106174305154
1_17,9,0.079958830848204002
3_16,0,0.087672331573206766
3_16,1,0.18524233132941528
3_16,2,0.044830357700404215
3_16,3,0.085301188484557464
3_16,4,0.0023979604004211886
3_16,5,0.089591535095934982
3_16,6,0.10551903759033265
3_16,7,0.13558819095615285
3_16,8,0.19348088587673207
3_16,9,0.070376180992842513
4_18,0,0.060817120986405356
4_18,1,0.10823171936371043
4_18,2,0.21896354099942414
4_18,3,0.060271140476097218
4_18,4,0.14441938004880148
4_18,5,0.056735929593015676
4_18,6,0.080464069611661082
4_18,7,0.17957406441783216
4_18,8,0.078780561395987908
4_18,9,0.011742473107064536
0_17,0,0.07123268840763386
0_17,1,0.038212600177990365
0_17,2,0.20521865423239322
0_17,3,0.20707226790590513
0_17,4,0.19872022130849118
0_17,5,0.05351275849096257
0_17,6,0.067924736710546982
0_17,7,0.073102395794221786
0_17,8,0.071351036694905112
0_17,9,0.013652640276949804
4_19,0,0.0414364287853176
4_19,1,0.095421966222227844
4_19,2,0.20658210360809656
4_19,3,0.058255990543541136
4_19,4,0.18802112912809332
4_19,5,0.072617687091228178
4_19,6,0.13253436541701477
4_19,7,0.15968511906226168
4_19,8,0.03513069995738391
4_19,9,0.010314510184835013
4_20,0,0.044573827085070912
4_20,1,0.082946207353424076
4_20,2,0.20031050675522402
4_20,3,0.03629446337407536
4_20,4,0.19657430171292672
4_20,5,0.038901170286815563
4_20,6,0.12816742338059409
4_20,7,0.19162271762445202
4_20,8,0.074988371672304877
4_20,9,0.0056210107551123104
0_18,0,0.1157829588543428
0_18,1,0.04192745396349503
0_18,2,0.24824724731324885
0_18,3,0.12275709367281815
0_18,4,0.14947123248195293
0_18,5,0.081073337693066336
0_18,6,0.044243323979271158
0_18,7,0.087684497878971604
0_18,8,0.077909345023447193
0_18,9,0.030903509139386012
1_18,0,0.04027216809272751
1_18,1,0.20804879801964407
1_18,2,0.11569141556616179
1_18,3,0.24876290256046169
1_18,4,0.010349731778194492
1_18,5,0.035374706136291872
1_18,6,0.052530988334332125
1_18,7,0.1121086369273448
1_18,8,0.13578759753018424
1_18,9,0.041073055054657283
2_21,0,0.023493236279241977
2_21,1,0.039768481214877013
2_21,2,0.088093023145010677
2_21,3,0.10101522895750588
2_21,4,0.075544693751657163
2_21,5,0.18739823008812737
2_21,6,0.12327778472895352
2_21,7,0.12878099109783703
2_21,8,0.18015307736741892
2_21,9,0.052475253369370367
4_21,0,0.039539194110044314
4_21,1,0.16847616317948275
4_21,2,0.18846887104869231
4_21,3,0.074225834418695555
4_21,4,0.10293375552973444
4_21,5,0.033318630524603397
4_21,6,0.13954530053249006
4_21,7,0.15717524097458116
4_21,8,0.083842185082011897
4_21,9,0.012474824599664211
1_19,0,0.059333065944810047
1_19,1,0.15539213749311023
1_19,2,0.1093281978646727
1_19,3,0.25736135708884794
1_19,4,0.015468845879240491
1_19,5,0.032111294443455146
1_19,6,0.053231901537085839
1_19,7,0.060919193252127184
1_19,8,0.14381753700379357
1_19,9,0.11303646949285691
3_17,0,0.15627858829340432
3_17,1,0.11764136792459656
3_17,2,0.06324424401917339
3_17,3,0.072484527599926171
3_17,4,0.0026724579304894368
3_17,5,0.099205117513803703
3_17,6,0.15070761751664144
3_17,7,0.12768247995423343
3_17,8,0.13213920021149614
3_17,9,0.077944399036235471
0_19,0,0.086866481087442965
0_19,1,0.02686196658279166
0_19,2,0.18641302796055276
0_19,3,0.11445975886270107
0_19,4,0.25587457039405398
0_19,5,0.09216474220070732
0_19,6,0.06599839026199518
0_19,7,0.11080089970113513
0_19,8,0.042840138522406368
0_19,9,0.01772002442621352
2_22,0,0.039922422832333
2_22,1,0.027765269106412648
2_22,2,0.10793191483672659
2_22,3,0.038898501442303189
2_22,4,0.076813627807229626
2_22,5,0.17036706411030011
2_22,6,0.15254643000719958
2_22,7,0.093801047470528767
2_22,8,0.19077548903114136
2_22,9,0.10117823335582513
2_23,0,0.022479724950915717
2_23,1,0.02334940405055308
2_23,2,0.10430612575495622
2_23,3,0.056458496536870996
2_23,4,0.072523994805910916
2_23,5,0.23208302734968436
2_23,6,0.086415588423863376
2_23,7,0.19668834562536
2_23,8,0.10966296453856317
2_23,9,0.096032327963322131
2_24,0,0.021081535884784595
2_24,1,0.043226220367747877
2_24,2,0.09637280542892053
2_24,3,0.10244580168982005
2_24,4,0.089664966792392428
2_24,5,0.13290537665672916
2_24,6,0.1354728232575057
2_24,7,0.16765723758592729
2_24,8,0.1607618244904741
2_24,9,0.050411407845698232
3_18,0,0.15527722319037501
3_18,1,0.077037431235086204
3_18,2,0.037082154881469633
3_18,3,0.11472918101747449
3_18,4,0.0024169865126198284
3_18,5,0.11643348798840523
3_18,6,0.09162489330180007
3_18,7,0.1628069965171427
3_18,8,0.17146128569522115
3_18,9,0.071130359660405748
3_19,0,0.21678070693622076
3_19,1,0.098896784199647828
3_19,2,0.034876604190923186
3_19,3,0.076955158128563683
3_19,4,0.0030594947390159967
3_19,5,0.077463215608334246
3_19,6,0.19375834320186675
3_19,7,0.063133097773773295
3_19,8,0.19670396063619083
3_19,9,0.038372634585463361
2_25,0,0.022013465740657902
2_25,1,0.036574063650872325
2_25,2,0.10227899735105739
2_25,3,0.10187527504969794
2_25,4,0.10540974251261381
2_25,5,0.14863936219832227
2_25,6,0.082970266336221732
2_25,7,0.22859709908284953
2_25,8,0.12420647692308419
2_25,9,0.047435251154622923
1_20,0,0.041453526755097253
1_20,1,0.21666250774583867
1_20,2,0.1717673233438157
1_20,3,0.17862521324815997
1_20,4,0.017743347834219124
1_20,5,0.043972714087073449
1_20,6,0.085205565681476275
1_20,7,0.079549680166955392
1_20,8,0.10386093723952428
1_20,9,0.06115918389783994
4_22,0,0.061028496723593298
4_22,1,0.13600717398171586
4_22,2,0.13510395184615367
4_22,3,0.06564274131229772
4_22,4,0.22005288803070916
4_22,5,0.070389929640636464
4_22,6,0.064787820143809141
4_22,7,0.1852578010824146
4_22,8,0.053133307784138641
4_22,9,0.008595889454531519
4_23,0,0.087027652238461442
4_23,1,0.1943395597268878
4_23,2,0.099618631095351698
4_23,3,0.072499178866106961
4_23,4,0.11885560546498725
4_23,5,0.086579059774444397
4_23,6,0.11419306337928539
4_23,7,0.14539113723761327
4_23,8,0.068165790033617557
4_23,9,0.013330322183244311
1_21,0,0.050679621709657403
1_21,1,0.29975149430816544
1_21,2,0.13486460814132895
1_21,3,0.14777838894845707
1_21,4,0.0068457285662951173
1_21,5,0.043787001015298255
1_21,6,0.056707555894295131
1_21,7,0.059036610430861114
1_21,8,0.10572089845324445
1_21,9,0.094828092532397171
4_24,0,0.051580557403758304
4_24,1,0.15164640126363174
4_24,2,0.14582849031589015
4_24,3,0.031696706340266133
4_24,4,0.18809128014750889
4_24,5,0.066990688022597458
4_24,6,0.16921431655776262
4_24,7,0.12187897763193987
4_24,8,0.060259051229756881
4_24,9,0.012813531086888158
1_22,0,0.052422932596823846
1_22,1,0.20186400572885124
1_22,2,0.090970546637597779
1_22,3,0.202382229422605
1_22,4,0.015399537879470446
1_22,5,0.05348012419266391
1_22,6,0.053548460799521296
1_22,7,0.099544337378086767
1_22,8,0.14598090938850231
1_22,9,0.084406915975877309
4_25,0,0.052399808063977864
4_25,1,0.10177872682491432
4_25,2,0.18000838969906321
4_25,3,0.069894734016870644
4_25,4,0.18400034070771801
4_25,5,0.037370375082858509
4_25,6,0.095276771022801784
4_25,7,0.23080842127391668
4_25,8,0.038401614676372091
4_25,9,0.010060818631506815
0_20,0,0.11746574314423186
0_20,1,0.029222936471219076
0_20,2,0.14776308807613917
0_20,3,0.22914000703840087
0_20,4,0.19970048841022353
0_20,5,0.073948285931388594
0_20,6,0.047421400523696283
0_20,7,0.0604980843488577
0_20,8,0.074909661090906507
0_20,9,0.019930304964936581
4_26,0,0.096009348240226125
4_26,1,0.12220098596232448
4_26,2,0.2527129862134751
4_26,3,0.048279097963650285
4_26,4,0.13391467699756149
4_26,5,0.089451751085437611
4_26,6,0.10879555410206192
4_26,7,0.098096208763571779
4_26,8,0.038067180526155181
4_26,9,0.012472210145535992
4_27,0,0.040564190240482585
4_27,1,0.13491955534484554
4_27,2,0.1449749682434367
4_27,3,0.0297863479359479
4_27,4,0.21451049912045611
4_27,5,0.04506148409746457
4_27,6,0.12588836142244644
4_27,7,0.21721623871519763
4_27,8,0.040446774511160966
4_27,9,0.0066315803685614997
4_28,0,0.087360428613361504
4_28,1,0.085629065102152166
4_28,2,0.17501197825494538
4_28,3,0.0332496162914971
4_28,4,0.13162882879603063
4_28,5,0.051976340511328489
4_28,6,0.16853684243120853
4_28,7,0.21162857024698709
4_28,8,0.050434395965802042
4_28,9,0.0045439337866871182
1_23,0,0.057971448748424262
1_23,1,0.25746935318099673
1_23,2,0.11087031202976026
1_23,3,0.19797806269895488
1_23,4,0.0050842389684401463
1_23,5,0.062280683369814641
1_23,6,0.062415242054748785
1_23,7,0.072039260941522271
1_23,8,0.090806656368026581
1_23,9,0.083084741639311427
1_24,0,0.051571530195640133
1_24,1,0.13030345485852335
1_24,2,0.090348602918655749
1_24,3,0.34290426983035849
1_24,4,0.0096529170562419733
1_24,5,0.057377679190273062
1_24,6,0.040528430430709354
1_24,7,0.10836211578364688
1_24,8,0.13312158735287641
1_24,9,0.03582941238307457
3_20,0,0.12223198407637491
3_20,1,0.12436342950223017
3_20,2,0.047843924485117581
3_20,3,0.10917734077577415
3_20,4,0.0026045046436778633
3_20,5,0.046655151675494097
3_20,6,0.15940561640918485
3_20,7,0.12671686241732655
3_20,8,0.20426302662682772
3_20,9,0.056738159387992197
1_25,0,0.036496263550308938
1_25,1,0.23138820610479061
1_25,2,0.16362329926615088
1_25,3,0.14343102485233111
1_25,4,0.011653375417013443
1_25,5,0.054446909206931716
1_25,6,0.081415335372329631
1_25,7,0.085438206542866116
1_25,8,0.083907589403231217
1_25,9,0.10819979028404628
1_26,0,0.032852124601247805
1_26,1,0.16911862038335279
1_26,2,0.088054032553665895
1_26,3,0.30515239543314321
1_26,4,0.0062007729281785395
1_26,5,0.056120754178504206
1_26,6,0.057586602106290227
1_26,7,0.12736730909877697
1_26,8,0.083162361798280779
1_26,9,0.074385026918559444
3_21,0,0.10823590450460313
3_21,1,0.12606269575256643
3_21,2,0.079093752288480756
3_21,3,0.054036936554070616
3_21,4,0.0028963910909937016
3_21,5,0.095859087061922171
3_21,6,0.11230890665606733
3_21,7,0.14780245223668823
3_21,8,0.16158504095265513
3_21,9,0.11211883290195233
2_26,0,0.041143320414526716
2_26,1,0.063557494966635708
2_26,2,0.073050269801842788
2_26,3,0.085472326846148236
2_26,4,0.099970467909383895
2_26,5,0.20438858379930647
2_26,6,0.12162272737182356
2_26,7,0.13855426862898046
2_26,8,0.11883487241064865
2_26,9,0.053405667850703518
1_27,0,0.023975992943126873
1_27,1,0.30637811195550085
1_27,2,0.15640600907918398
1_27,3,0.13864485263365095
1_27,4,0.006600709562310003
1_27,5,0.041107141277656072
1_27,6,0.046326980900068551
1_27,7,0.12021644225292458
1_27,8,0.059486205764818813
1_27,9,0.10085755363075936
4_29,0,0.062177636211455542
4_29,1,0.14272687206639215
4_29,2,0.15938276492506398
4_29,3,0.033562328297036516
4_29,4,0.17512458459803645
4_29,5,0.05074874840326235
4_29,6,0.13088731984429519
4_29,7,0.15977088987917512
4_29,8,0.079911351337261335
4_29,9,0.0057075044380212837
1_28,0,0.066124734915615033
1_28,1,0.17015579197003239
1_28,2,0.086658425444371398
1_28,3,0.23014373111359784
1_28,4,0.010099566397233042
1_28,5,0.064725414016712349
1_28,6,0.034396814329233714
1_28,7,0.1257725729810103
1_28,8,0.14775797108912245
1_28,9,0.064164977743071533
3_22,0,0.1838622399042262
3_22,1,0.081327708885752303
3_22,2,0.056534100000263827
3_22,3,0.11222340611331602
3_22,4,0.001837487501667333
3_22,5,0.075322902521821097
3_22,6,0.17647666100158968
3_22,7,0.070176122783681058
3_22,8,0.16398850124545269
3_22,9,0.07825087004222972
2_27,0,0.034665127123087718
2_27,1,0.041293283461895328
2_27,2,0.11285069430503106
2_27,3,0.11911036577302733
2_27,4,0.062983367073310703
2_27,5,0.14689218349358388
2_27,6,0.12846179458130347
2_27,7,0.21218143489783442
2_27,8,0.096944778342753238
2_27,9,0.044616970948172699
3_23,0,0.15967345608869637
3_23,1,0.093418650242991438
3_23,2,0.055570769733328522
3_23,3,0.077549880820853789
3_23,4,0.0039479767904377402
3_23,5,0.090922902457661811
3_23,6,0.10914710589902872
3_23,7,0.10157869371742469
3_23,8,0.2165915578271361
3_23,9,0.091599006422440871
1_29,0,0.041693114028486716
1_29,1,0.26820778744763202
1_29,2,0.089186762565066025
1_29,3,0.19828550964251787
1_29,4,0.012327022902211443
1_29,5,0.064910418601023562
1_29,6,0.062247086857762805
1_29,7,0.088734931662059063
1_29,8,0.1361171228840998
1_29,9,0.038290243409140695
1_30,0,0.054668634360548987
1_30,1,0.18747922631371008
1_30,2,0.14495896569522365
1_30,3,0.27608741455049535
1_30,4,0.011296976670274829
1_30,5,0.055283678979337378
1_30,6,0.051791636714313583
1_30,7,0.059410356608334193
1_30,8,0.11370942169109374
1_30,9,0.045313688416668337
2_28,0,0.027621251802846556
2_28,1,0.049995533420963571
2_28,2,0.11267346294396567
2_28,3,0.050410830190109689
2_28,4,0.066543039557971514
2_28,5,0.10346110294711053
2_28,6,0.13715488890225574
2_28,7,0.16862319658266908
2_28,8,0.19689003680171749
2_28,9,0.086626656850390116
2_29,0,0.05495846165603057
2_29,1,0.067400412674906998
2_29,2,0.097109679436616997
2_29,3,0.054142382257107054
2_29,4,0.11248659728522292
2_29,5,0.22688963052237751
2_29,6,0.095656939103746133
2_29,7,0.13889996918317554
2_29,8,0.095606230669356251
2_29,9,0.056849697211459958
3_24,0,0.21709433162931638
3_24,1,0.14533936068304137
3_24,2,0.043247249371128456
3_24,3,0.088115100289840237
3_24,4,0.0031896444931893658
3_24,5,0.052743390196230193
3_24,6,0.10861471990900105
3_24,7,0.10011560400936992
3_24,8,0.13140252769619035
3_24,9,0.11013807172269265
0_21,0,0.1223538702858654
0_21,1,0.052784564338539793
0_21,2,0.24408178987192489
0_21,3,0.10715226512997615
0_21,4,0.16638299127270939
0_21,5,0.10450030493778525
0_21,6,0.065763497072521659
0_21,7,0.083094523390724304
0_21,8,0.041297156725955651
0_21,9,0.012589036973997533
2_30,0,0.021832024627135915
2_30,1,0.046770500648543656
2_30,2,0.073651009756028091
2_30,3,0.039675974887210044
2_30,4,0.049066082152488477
2_30,5,0.21381390815799955
2_30,6,0.1693544200009989
2_30,7,0.2078665446658696
2_30,8,0.097749655461565277
2_30,9,0.080219879642160583
4_30,0,0.06506051025015315
4_30,1,0.19125340841513486
4_30,2,0.16400739987156143
4_30,3,0.066681126607654739
4_30,4,0.11941963877281347
4_30,5,0.044381771005832175
4_30,6,0.15526549465239067
4_30,7,0.13163236705506415
4_30,8,0.052453666783530063
4_30,9,0.0098446165858652856
0_22,0,0.11513018477850735
0_22,1,0.043021539035508656
0_22,2,0.14210791456950134
0_22,3,0.20674197174311956
0_22,4,0.16246308844001675
0_22,5,0.069511153003559756
0_22,6,0.069595726164071808
0_22,7,0.13152697622246579
0_22,8,0.049158889726255754
0_22,9,0.010742556316993182
2_31,0,0.044186452634977669
2_31,1,0.037486528361012315
2_31,2,0.12129243042591367
2_31,3,0.069463637734371461
2_31,4,0.050191726215755628
2_31,5,0.24181254466950067
2_31,6,0.0750218174056385
2_31,7,0.11196019344678206
2_31,8,0.19773028902870513
2_31,9,0.050854380077342942
2_32,0,0.047780675774420453
2_32,1,0.030786784692425226
2_32,2,0.084602203985572805
2_32,3,0.044023906802200273
2_32,4,0.068621339593730166
2_32,5,0.10190067891230691
2_32,6,0.18718667699701552
2_32,7,0.14957331334638455
2_32,8,0.2434631894926563
2_32,9,0.042061230403287839
4_31,0,0.077748303567916927
4_31,1,0.12208845285478057
4_31,2,0.085349639362790969
4_31,3,0.062084660335060472
4_31,4,0.25973693117016905
4_31,5,0.047577265771512424
4_31,6,0.13891299127763021
4_31,7,0.14568073472018919
4_31,8,0.050744803534375771
4_31,9,0.010076217405574451
3_25,0,0.17310786230421579
3_25,1,0.073701798151164163
3_25,2,0.042838832901725056
3_25,3,0.11992838825611923
3_25,4,0.0021695207078741762
3_25,5,0.10998941460321955
3_25,6,0.19205237304070971
3_25,7,0.064256843307171116
3_25,8,0.13448724178005733
3_25,9,0.087467724947743922
1_31,0,0.055983109378428424
1_31,1,0.2088373625885489
1_31,2,0.08860306894433484
1_31,3,0.2869905735874696
1_31,4,0.011581491073380787
1_31,5,0.040180653197857907
1_31,6,0.055558680544696808
1_31,7,0.091304986533599572
1_31,8,0.12181747672706468
1_31,9,0.039142597424618675
1_32,0,0.054277375571015585
1_32,1,0.14267914661555336
1_32,2,0.10329417446883127
1_32,3,0.31392747885135919
1_32,4,0.014078715791443614
1_32,5,0.03928709926202674
1_32,6,0.049894010061088262
1_32,7,0.060853563940305923
1_32,8,0.14660898961069066
1_32,9,0.075099445827685518
3_26,0,0.21764109151392999
3_26,1,0.11878482221200255
3_26,2,0.063090072251300838
3_26,3,0.070820320678399967
3_26,4,0.0021037405597404682
3_26,5,0.069936881154871802
3_26,6,0.16414213666245872
3_26,7,0.088674844870749878
3_26,8,0.09929447161149435
3_26,9,0.10551161848505142
4_32,0,0.10907923638710186
4_32,1,0.14604934031543962
4_32,2,0.10384493178198552
4_32,3,0.046218019622878172
4_32,4,0.14527440672450426
4_32,5,0.069016370383093537
4_32,6,0.14595026611072026
4_32,7,0.1675327539354271
4_32,8,0.055330321033975907
4_32,9,0.011704353704873801
3_27,0,0.15796647899224811
3_27,1,0.14546047512883326
3_27,2,0.05234990729646017
3_27,3,0.099912665537999934
3_27,4,0.002199379603844644
3_27,5,0.11392521576408982
3_27,6,0.11340131305318694
3_27,7,0.10881866518236685
3_27,8,0.10545498269538474
3_27,9,0.1005109167455856
4_33,0,0.081396657783043572
4_33,1,0.11290240161338304
4_33,2,0.18123851795485602
4_33,3,0.036965086286320642
4_33,4,0.19397247010031346
4_33,5,0.067338515739068877
4_33,6,0.12555908462757306
4_33,7,0.12593399444459302
4_33,8,0.064495380223460519
4_33,9,0.010197891227387748
0_23,0,0.070660007855798651
0_23,1,0.034930426535861939
0_23,2,0.11556505370233248
0_23,3,0.19926556600137746
0_23,4,0.26870666633256474
0_23,5,0.067615669660585895
0_23,6,0.059175791361195218
0_23,7,0.11178575536587793
0_23,8,0.053851610896055599
0_23,9,0.018443452288349975
2_33,0,0.021615685340331942
2_33,1,0.041107828444728198
2_33,2,0.074781815225378773
2_33,3,0.040438395299258093
2_33,4,0.041836835594319499
2_33,5,0.15648339805497766
2_33,6,0.18828055855004464
2_33,7,0.24190118817891068
2_33,8,0.13120629664800679
2_33,9,0.062347998664043613
2_34,0,0.041424652194579151
2_34,1,0.038668671843663856
2_34,2,0.090157211739850501
2_34,3,0.047118829159518816
2_34,4,0.088278292181069473
2_34,5,0.13414975910055751
2_34,6,0.14802888019662877
2_34,7,0.1810707372681023
2_34,8,0.14019466731281671
2_34,9,0.09090829900321297
2_35,0,0.045698466607393323
2_35,1,0.053686238698350319
2_35,2,0.10273232691366899
2_35,3,0.046402285353426609
2_35,4,0.045619488511454906
2_35,5,0.15672356128570458
2_35,6,0.13174071353243921
2_35,7,0.18480039865824105
2_35,8,0.18024909436862011
2_35,9,0.05234742607070092
4_34,0,0.039637670303235083
4_34,1,0.10833113068197724
4_34,2,0.20346196111047635
4_34,3,0.049582198909038179
4_34,4,0.1792053156704371
4_34,5,0.052383143956637394
4_34,6,0.14198271788349087
4_34,7,0.15569536487533284
4_34,8,0.060006838281481976
4_34,9,0.0097136583278928726
4_35,0,0.084509995664579646
4_35,1,0.14882714767463881
4_35,2,0.074915033527361299
4_35,3,0.057225858338170885
4_35,4,0.18341227457503248
4_35,5,0.07504016587546207
4_35,6,0.097689046352200576
4_35,7,0.18687158244572175
4_35,8,0.080510726453818057
4_35,9,0.010998169093014576
0_24,0,0.055486053618062525
0_24,1,0.018553059239968084
0_24,2,0.13973997382886033
0_24,3,0.18492222294896093
0_24,4,0.27410435978430164
0_24,5,0.098296413045026523
0_24,6,0.054780965848186348
0_24,7,0.10972333345767969
0_24,8,0.038884749753216055
0_24,9,0.02550886847573795
3_28,0,0.10487329827916454
3_28,1,0.16074059479091221
3_28,2,0.072654759593535775
3_28,3,0.077718960978609822
3_28,4,0.0036387092784494739
3_28,5,0.11698752835120502
3_28,6,0.11146732491909335
3_28,7,0.17387843704577247
3_28,8,0.10580323926432386
3_28,9,0.072237147498933466
0_25,0,0.059497347935057759
0_25,1,0.018215961576406262
0_25,2,0.20465693049672523
0_25,3,0.20538145992721821
0_25,4,0.26391914857147319
0_25,5,0.088730543619441604
0_25,6,0.037975489391837564
0_25,7,0.059545027288811975
0_25,8,0.046190905149124911
0_25,9,0.015887186043903267
3_29,0,0.196026787641325
3_29,1,0.061116840613444801
3_29,2,0.054134314778666599
3_29,3,0.12939857482352218
3_29,4,0.0032885488320541158
3_29,5,0.081539304180352851
3_29,6,0.14839993181492656
3_29,7,0.073484040919408092
3_29,8,0.18933368141933654
3_29,9,0.063277974976963275
2_36,0,0.032024488598324456
2_36,1,0.055017863472077738
2_36,2,0.084935648953553072
2_36,3,0.046981235922107824
2_36,4,0.083143406119721527
2_36,5,0.22091625992254982
2_36,6,0.1050269262614342
2_36,7,0.16828688904347344
2_36,8,0.1267733687694568
2_36,9,0.076893912937301148
3_30,0,0.10371773207922813
3_30,1,0.11785282938383065
3_30,2,0.04610727123570222
3_30,3,0.075169730923903541
3_30,4,0.0025053676421668406
3_30,5,0.16183847513853097
3_30,6,0.17445470434637941
3_30,7,0.10622752286925062
3_30,8,0.11059714755948863
3_30,9,0.10152921882151894
0_26,0,0.054036849644169056
0_26,1,0.053594601055733236
0_26,2,0.26537234960882794
0_26,3,0.22090482709036011
0_26,4,0.14006272994622521
0_26,5,0.073176561619627767
0_26,6,0.077489335833830594
0_26,7,0.070658305134931376
0_26,8,0.032051205574187114
0_26,9,0.012653234492107491
3_31,0,0.22737835022268091
3_31,1,0.11019299312467426
3_31,2,0.049675846823820327
3_31,3,0.122072409896789
3_31,4,0.002187986109200585
3_31,5,0.048288556990513973
3_31,6,0.075370023583111415
3_31,7,0.1146169401486022
3_31,8,0.14456942507206713
3_31,9,0.1056474680285403
2_37,0,0.056811124368076359
2_37,1,0.048569445440310041
2_37,2,0.11691028099018483
2_37,3,0.099967024611528926
2_37,4,0.046257987624654863
2_37,5,0.15146232375759136
2_37,6,0.1257569434612078
2_37,7,0.19427933923520938
2_37,8,0.091966965075104115
2_37,9,0.068018565436132439
4_36,0,0.037239397220622313
4_36,1,0.15647647580685783
4_36,2,0.21418763062743443
4_36,3,0.025782217580601487
4_36,4,0.21067763490768818
4_36,5,0.068089037188374849
4_36,6,0.090701649944508675
4_36,7,0.15246487469484235
4_36,8,0.035505039513305456
4_36,9,0.0088760425157646591
3_32,0,0.13872389598981788
3_32,1,0.11570220031905672
3_32,2,0.033196959352124696
3_32,3,0.094241757560353037
3_32,4,0.0011023411733023327
3_32,5,0.10218895233579096
3_32,6,0.18230905448321588
3_32,7,0.071815676104599199
3_32,8,0.17498502546015027
3_32,9,0.085734137221589221
0_27,0,0.062347467608723693
0_27,1,0.043136591048112953
0_27,2,0.13703137631268586
0_27,3,0.24046254399983533
0_27,4,0.16430373067048687
0_27,5,0.091416698049699305
0_27,6,0.075837151801546154
0_27,7,0.12234695767991931
0_27,8,0.047086997145299708
0_27,9,0.016030485683690608
0_28,0,0.080962579716849239
0_28,1,0.051869398847229735
0_28,2,0.12920270544966608
0_28,3,0.12690383493882282
0_28,4,0.28653153301786105
0_28,5,0.095025094814374114
0_28,6,0.055404664693702553
0_28,7,0.080301661508793018
0_28,8,0.067605268728862092
0_28,9,0.026193258283839227
3_33,0,0.11874236374639351
3_33,1,0.10652929867453688
3_33,2,0.048425345792570393
3_33,3,0.080356402325026013
3_33,4,0.0016017705745044752
3_33,5,0.10403421906015803
3_33,6,0.18552385785806955
3_33,7,0.13511396277260457
3_33,8,0.17681547346253959
3_33,9,0.042857305733596994
0_29,0,0.080174479604111989
0_29,1,0.049141261850794593
0_29,2,0.10325488091286712
0_29,3,0.19179308454487146
0_29,4,0.2797643247862624
0_29,5,0.095635066488400602
0_29,6,0.061124332976130041
0_29,7,0.075030821830910366
0_29,8,0.043154514301109198
0_29,9,0.020927232704542335
4_37,0,0.08431786523066595
4_37,1,0.10531038613110054
4_37,2,0.11969574731643665
4_37,3,0.037016505232723533
4_37,4,0.20452817127577583
4_37,5,0.062495591563205263
4_37,6,0.16410362115094099
4_37,7,0.13954900538720105
4_37,8,0.073484110066454222
4_37,9,0.0094989966454960932
1_33,0,0.033759142053640397
1_33,1,0.23520241507451431
1_33,2,0.12341480928264702
1_33,3,0.15679649217996824
1_33,4,0.01208231257401435
1_33,5,0.046697236865255475
1_33,6,0.057995434827884169
1_33,7,0.12641795128709726
1_33,8,0.15562679076111777
1_33,9,0.052007415093860969
0_30,0,0.11732530892645535
0_30,1,0.032646156625767447
0_30,2,0.13735251331246912
0_30,3,0.18932904840112894
0_30,4,0.23515995155438862
0_30,5,0.054173468496493758
0_30,6,0.054732386035179756
0_30,7,0.079350385328708722
0_30,8,0.070051397157501652
0_30,9,0.029879384161906605
0_31,0,0.10699785039223489
0_31,1,0.025653421860768411
0_31,2,0.22168656888523475
0_31,3,0.16209581605300125
0_31,4,0.20490960815627088
0_31,5,0.060472454304466981
0_31,6,0.048681513856658962
0_31,7,0.097578346509441985
0_31,8,0.060241432389162221
0_31,9,0.011682987592759595
2_38,0,0.049517376421715512
2_38,1,0.035730845740812422
2_38,2,0.081790014364918423
2_38,3,0.072643836317059632
2_38,4,0.071192830382646316
2_38,5,0.13842240948853771
2_38,6,0.098024521703715686
2_38,7,0.18106928402568412
2_38,8,0.18248203755078726
2_38,9,0.089126844004122921
4_38,0,0.064293573758160832
4_38,1,0.16904142943351458
4_38,2,0.14170630425780806
4_38,3,0.028995431292211004
4_38,4,0.12558232528212285
4_38,5,0.04205396792079668
4_38,6,0.12553242737577835
4_38,7,0.21715299059886664
4_38,8,0.077286786133677232
4_38,9,0.0083547639470637931
1_34,0,0.026118368400304012
1_34,1,0.21355243433431914
1_34,2,0.10195758919049167
1_34,3,0.32941087497098376
1_34,4,0.0077395358455872466
1_34,5,0.023373565264139431
1_34,6,0.066318387434487008
1_34,7,0.10056021134482919
1_34,8,0.058990990773292958
1_34,9,0.071978042441565485
0_32,0,0.090840146947457651
0_32,1,0.029260190141956677
0_32,2,0.082291704171958635
0_32,3,0.17505934278107976
0_32,4,0.30490786635323125
0_32,5,0.090000526428538299
0_32,6,0.05454257518070945
0_32,7,0.088839244634372677
0_32,8,0.067571691938756687
0_32,9,0.01668671142193897
4_39,0,0.094679159648692168
4_39,1,0.13337369323901596
4_39,2,0.16130836564184714
4_39,3,0.075094229191739525
4_39,4,0.17861554158379031
4_39,5,0.075905692198793451
4_39,6,0.1079385686719898
4_39,7,0.10749268131464748
4_39,8,0.056699340579056387
4_39,9,0.0088927279304278645
1_35,0,0.055155603605680767
1_35,1,0.18140254046560464
1_35,2,0.17859430939641477
1_35,3,0.16252967512599181
1_35,4,0.010505637709086791
1_35,5,0.058911111073389984
1_35,6,0.062406422388832788
1_35,7,0.13870586798169207
1_35,8,0.069370331327939211
1_35,9,0.082418500925367191
4_40,0,0.087989765158343711
4_40,1,0.11125275278477763
4_40,2,0.16369834696419527
4_40,3,0.050244323184754677
4_40,4,0.13842555353336045
4_40,5,0.037591732344715488
4_40,6,0.1546799740567063
4_40,7,0.17879879694602419
4_40,8,0.066932486419845991
4_40,9,0.010386268607276228
4_41,0,0.072452979914881574
4_41,1,0.15194409432792738
4_41,2,0.14364621626857116
4_41,3,0.052303425755502592
4_41,4,0.1194368618462823
4_41,5,0.088023893870933761
4_41,6,0.169532006536109
4_41,7,0.11475167194336983
4_41,8,0.077135473125407611
4_41,9,0.010773376411014602
3_34,0,0.092578285447391925
3_34,1,0.15683281265577861
3_34,2,0.044800397573576532
3_34,3,0.051247872021326954
3_34,4,0.0030463184956472738
3_34,5,0.091270589661156573
3_34,6,0.12399739592774196
3_34,7,0.16491067014425687
3_34,8,0.17363788364141533
3_34,9,0.097677774431707914
3_35,0,0.14939032457201123
3_35,1,0.089700621577310097
3_35,2,0.062813960232578014
3_35,3,0.070671183353902822
3_35,4,0.0029146725492893099
3_35,5,0.081412275652295557
3_35,6,0.16782757304880025
3_35,7,0.1149071990674593
3_35,8,0.17968680062814074
3_35,9,0.080675389318212651
4_42,0,0.083883583864842903
4_42,1,0.18222706812993286
4_42,2,0.20525087824848401
4_42,3,0.03639215340890814
4_42,4,0.17907807463418279
4_42,5,0.032166721315642813
4_42,6,0.072546589930708907
4_42,7,0.15111567029054865
4_42,8,0.049147561118885179
4_42,9,0.0081916990578638597
3_36,0,0.1682374415437736
3_36,1,0.13568585001677444
3_36,2,0.045185702708173167
3_36,3,0.041790829596111315
3_36,4,0.0027863291009821759
3_36,5,0.043520469368272315
3_36,6,0.14926672266410407
3_36,7,0.1528855765171078
3_36,8,0.17461821697230287
3_36,9,0.086022861512398213
3_37,0,0.12771848894289684
3_37,1,0.14465992383588275
3_37,2,0.059106421043354063
3_37,3,0.075567835412779782
3_37,4,0.0020835869446041012
3_37,5,0.094350917613571922
3_37,6,0.17158322478371305
3_37,7,0.14611875160676169
3_37,8,0.10489514349681395
3_37,9,0.073915706319621757
0_33,0,0.06583925038744258
0_33,1,0.046880213970256927
0_33,2,0.16329398999080208
0_33,3,0.17498765128668203
0_33,4,0.14363671733084338
0_33,5,0.12204081044997922
0_33,6,0.051889147110939476
0_33,7,0.13245282050118254
0_33,8,0.077721125831450952
0_33,9,0.021258273140420732
1_36,0,0.021813565622775852
1_36,1,0.29283000415572069
1_36,2,0.091072944967123745
1_36,3,0.25446354608620136
1_36,4,0.0053887612473817329
1_36,5,0.045113914103571587
1_36,6,0.048159023332238662
1_36,7,0.071249036890174061
1_36,8,0.12482929918467461
1_36,9,0.045079904410137706
1_37,0,0.041092807441588018
1_37,1,0.2132352677988667
1_37,2,0.076899122940525685
1_37,3,0.21537067296028117
1_37,4,0.0088563990518696206
1_37,5,0.082746861080633269
1_37,6,0.069264011604005082
1_37,7,0.084275019243199648
1_37,8,0.15685413339972867
1_37,9,0.051405704479302171
1_38,0,0.025832694627268699
1_38,1,0.26951038548745632
1_38,2,0.081360330018719174
1_38,3,0.2314090940323513
1_38,4,0.0056722736026232172
1_38,5,0.042749372631779269
1_38,6,0.056005651120594781
1_38,7,0.11160351934639837
1_38,8,0.12323942280493498
1_38,9,0.052617256327873799
4_43,0,0.050316771575609265
4_43,1,0.13681310656207502
4_43,2,0.18257277036628372
4_43,3,0.050143339652505219
4_43,4,0.18371819577096757
4_43,5,0.049076432388556322
4_43,6,0.1412363306694765
4_43,7,0.14985737143663772
4_43,8,0.052419929456808248
4_43,9,0.0038457521210804304
0_34,0,0.069355227701554487
0_34,1,0.026883144191358659
0_34,2,0.16197824064559779
0_34,3,0.12090388329562879
0_34,4,0.35170551298629488
0_34,5,0.065907653667672747
0_34,6,0.04411574796831693
0_34,7,0.076594469310979615
0_34,8,0.057231875898050878
0_34,9,0.025324244334545293
4_44,0,0.070399750776664119
4_44,1,0.090360398872200973
4_44,2,0.24761077884818289
4_44,3,0.042597396134112404
4_44,4,0.12322086605774153
4_44,5,0.063229553738138294
4_44,6,0.13504537422399437
4_44,7,0.16410958209301346
4_44,8,0.051330249836028102
4_44,9,0.01209604941992367
2_39,0,0.044009720493048396
2_39,1,0.047245994424689318
2_39,2,0.096243082722509796
2_39,3,0.10068854244150276
2_39,4,0.063263984587646219
2_39,5,0.090652643116714379
2_39,6,0.11036633695364916
2_39,7,0.17694149126332362
2_39,8,0.17642625590664679
2_39,9,0.094161948090269412
0_35,0,0.060669028697052818
0_35,1,0.029627762506395362
0_35,2,0.20334356179619367
0_35,3,0.21935698157066788
0_35,4,0.20304885330703845
0_35,5,0.096149330879983563
0_35,6,0.054887487490381685
0_35,7,0.063421926804408044
0_35,8,0.042197547480184117
0_35,9,0.027297519467694323
3_38,0,0.13143061851244714
3_38,1,0.066322964886816174
3_38,2,0.024621211309408864
3_38,3,0.092329219765880349
3_38,4,0.002222210210792443
3_38,5,0.11344175634825288
3_38,6,0.14144953841019164
3_38,7,0.14169999816804846
3_38,8,0.19002984048256796
3_38,9,0.096452641905594147
2_40,0,0.036247223389083108
2_40,1,0.056807220416731148
2_40,2,0.070943389886073405
2_40,3,0.054850914808268744
2_40,4,0.061232107924188976
2_40,5,0.20974247285172612
2_40,6,0.15853338232001696
2_40,7,0.12541625221412861
2_40,8,0.16282439715316696
2_40,9,0.063402639036615888
